Symbol,Ticker,Company Name,Index Category,Cap Type,Sector,PE Ratio,ROE %,Debt/Equity,Revenue Growth %,Profit Growth %,PE Score,ROE Score,DE Score,RevG Score,ProfG Score,Fund Score,Fund Grade,Threshold PE,Threshold ROE,Threshold DE,Scored On
360ONE,360ONE.NS,,,Mid,Financial Services,37.74,,147.24,30.6,12.4,1,0,0,1,1,3,MODERATE ⭐⭐,40,15,1.0,2026-03-03
3MINDIA,3MINDIA.NS,,,Mid,Industrials,106.38,,6.42,12.7,,0,0,0,1,0,1,SOFT ⭐,40,15,1.0,2026-03-03
AADHARHFC,AADHARHFC.NS,,,Mid,Financial Services,19.42,,255.35,20.0,17.3,1,0,0,1,1,3,MODERATE ⭐⭐,40,15,1.0,2026-03-03
AARTIIND,AARTIIND.NS,,,Mid,Basic Materials,41.67,,69.56,26.0,188.2,0,0,0,1,1,2,SOFT ⭐,40,15,1.0,2026-03-03
AAVAS,AAVAS.NS,,,Mid,Financial Services,15.82,,307.97,17.8,15.6,1,0,0,1,1,3,MODERATE ⭐⭐,40,15,1.0,2026-03-03
ABB,ABB.NS,,,Mid,Industrials,75.75,22.39,1.08,5.7,-18.0,0,1,0,0,0,1,SOFT ⭐,40,15,1.0,2026-03-03
ABBOTINDIA,ABBOTINDIA.NS,,,Mid,Healthcare,37.31,,4.55,6.8,4.2,1,0,0,0,0,1,SOFT ⭐,40,15,1.0,2026-03-03
ABCAPITAL,ABCAPITAL.NS,,,Mid,Financial Services,25.52,,459.78,31.4,32.7,1,0,0,1,1,3,MODERATE ⭐⭐,40,15,1.0,2026-03-03
ABFRL,ABFRL.NS,,,Mid,Consumer Cyclical,,,84.68,-45.6,,0,0,0,0,0,0,AVOID ❌,40,15,1.0,2026-03-03
ABLBL,ABLBL.NS,,,Mid,Consumer Cyclical,,,266.81,9.6,-5.1,0,0,0,0,0,0,AVOID ❌,40,15,1.0,2026-03-03
ABREL,ABREL.NS,,,Mid,Real Estate,,,144.58,-91.5,,0,0,0,0,0,0,AVOID ❌,40,15,1.0,2026-03-03
ABSLAMC,ABSLAMC.NS,,,Mid,Financial Services,24.94,,1.93,16.3,20.0,1,0,0,1,1,3,MODERATE ⭐⭐,40,15,1.0,2026-03-03
ACC,ACC.NS,,,Mid,Basic Materials,11.04,,2.44,9.4,-63.0,1,0,0,0,0,1,SOFT ⭐,40,15,1.0,2026-03-03
ACE,ACE.NS,,,Mid,Industrials,24.39,,8.01,-2.3,4.3,1,0,0,0,0,1,SOFT ⭐,40,15,1.0,2026-03-03
ACMESOLAR,ACMESOLAR.NS,,,Mid,Utilities,29.0,,271.78,42.3,-10.5,1,0,0,1,0,2,SOFT ⭐,40,15,1.0,2026-03-03
ADANIENSOL,ADANIENSOL.NS,,,Mid,Utilities,52.36,,186.65,15.4,-5.2,0,0,0,1,0,1,SOFT ⭐,40,15,1.0,2026-03-03
ADANIENT,ADANIENT.NS,,,Mid,Energy,19.19,,177.77,8.6,9629.6,1,0,0,0,1,2,SOFT ⭐,40,15,1.0,2026-03-03
ADANIGREEN,ADANIGREEN.NS,,,Mid,Utilities,105.31,,296.22,10.7,,0,0,0,1,0,1,SOFT ⭐,40,15,1.0,2026-03-03
ADANIPORTS,ADANIPORTS.NS,,,Mid,Industrials,25.45,19.41,81.56,21.9,20.3,1,1,0,1,1,4,MODERATE ⭐⭐,40,15,1.0,2026-03-03
ADANIPOWER,ADANIPOWER.NS,,,Mid,Utilities,23.54,,81.25,-8.9,-15.9,1,0,0,0,0,1,SOFT ⭐,40,15,1.0,2026-03-03
AEGISLOG,AEGISLOG.NS,,,Mid,Energy,30.87,,28.45,1.1,42.4,1,0,0,0,1,2,SOFT ⭐,40,15,1.0,2026-03-03
AEGISVOPAK,AEGISVOPAK.NS,,,Mid,Energy,171.85,,42.27,22.3,43.6,0,0,0,1,1,2,SOFT ⭐,40,15,1.0,2026-03-03
AFCONS,AFCONS.NS,,,Mid,Industrials,23.27,,66.14,-7.3,-35.3,1,0,0,0,0,1,SOFT ⭐,40,15,1.0,2026-03-03
AFFLE,AFFLE.NS,,,Mid,Communication Services,43.48,,1.18,19.2,18.9,0,0,0,1,1,2,SOFT ⭐,40,15,1.0,2026-03-03
AGARWALEYE,AGARWALEYE.NS,,,Mid,Healthcare,112.33,,48.68,23.0,47.2,0,0,0,1,1,2,SOFT ⭐,40,15,1.0,2026-03-03
AIAENG,AIAENG.NS,,,Mid,Industrials,30.03,,13.85,0.1,13.5,1,0,0,0,1,2,SOFT ⭐,40,15,1.0,2026-03-03
AIIL,AIIL.NS,,,Mid,Financial Services,10.62,,20.29,-42.1,-70.1,1,0,0,0,0,1,SOFT ⭐,40,15,1.0,2026-03-03
AJANTPHARM,AJANTPHARM.NS,,,Mid,Healthcare,36.5,,5.7,20.0,17.9,1,0,0,1,1,3,MODERATE ⭐⭐,40,15,1.0,2026-03-03
AKUMS,AKUMS.NS,,,Mid,Healthcare,22.68,,2.85,14.8,1.6,1,0,0,1,0,2,SOFT ⭐,40,15,1.0,2026-03-03
AKZOINDIA,AKZOINDIA.NS,,,Mid,Basic Materials,6.73,,3.16,-13.6,-31.6,1,0,0,0,0,1,SOFT ⭐,40,15,1.0,2026-03-03
ALKEM,ALKEM.NS,,,Mid,Healthcare,28.09,,17.06,10.7,1.6,1,0,0,1,0,2,SOFT ⭐,40,15,1.0,2026-03-03
ALKYLAMINE,ALKYLAMINE.NS,,,Mid,Basic Materials,40.81,,,-4.6,-3.5,0,0,0,0,0,0,AVOID ❌,40,15,1.0,2026-03-03
ALOKINDS,ALOKINDS.NS,,,Mid,Consumer Cyclical,,,,-0.7,,0,0,0,0,0,0,AVOID ❌,40,15,1.0,2026-03-03
AMBER,AMBER.NS,,,Mid,Consumer Cyclical,169.49,,74.27,37.9,,0,0,0,1,0,1,SOFT ⭐,40,15,1.0,2026-03-03
AMBUJACEM,AMBUJACEM.NS,,,Mid,Basic Materials,32.78,,1.83,10.2,-90.5,1,0,0,1,0,2,SOFT ⭐,40,15,1.0,2026-03-03
ANANDRATHI,ANANDRATHI.NS,,,Mid,Financial Services,70.93,,9.91,25.2,29.9,0,0,0,1,1,2,SOFT ⭐,40,15,1.0,2026-03-03
ANANTRAJ,ANANTRAJ.NS,,,Mid,Real Estate,33.56,,12.73,20.0,28.2,1,0,0,1,1,3,MODERATE ⭐⭐,40,15,1.0,2026-03-03
ANGELONE,ANGELONE.NS,,,Mid,Financial Services,27.63,,76.35,2.5,-6.2,1,0,0,0,0,1,SOFT ⭐,40,15,1.0,2026-03-03
APARINDS,APARINDS.NS,,,Mid,Industrials,44.25,,14.5,16.2,19.2,0,0,0,1,1,2,SOFT ⭐,40,15,1.0,2026-03-03
APLAPOLLO,APLAPOLLO.NS,,,Mid,Basic Materials,54.06,,15.53,7.0,42.8,0,0,0,0,1,1,SOFT ⭐,40,15,1.0,2026-03-03
APLLTD,APLLTD.NS,,,Mid,Healthcare,21.98,,28.0,10.8,-3.6,1,0,0,1,0,2,SOFT ⭐,40,15,1.0,2026-03-03
APOLLOHOSP,APOLLOHOSP.NS,,,Mid,Healthcare,62.11,,83.61,17.2,35.0,0,0,0,1,1,2,SOFT ⭐,40,15,1.0,2026-03-03
APOLLOTYRE,APOLLOTYRE.NS,,,Mid,Consumer Cyclical,30.12,,29.09,11.8,39.9,1,0,0,1,1,3,MODERATE ⭐⭐,40,15,1.0,2026-03-03
APTUS,APTUS.NS,,,Mid,Financial Services,13.42,,157.02,26.0,23.9,1,0,0,1,1,3,MODERATE ⭐⭐,40,15,1.0,2026-03-03
ARE&M,ARE&M.NS,,,Mid,Industrials,20.33,,4.0,4.2,-53.0,1,0,0,0,0,1,SOFT ⭐,40,15,1.0,2026-03-03
ASAHIINDIA,ASAHIINDIA.NS,,,Mid,Consumer Cyclical,69.91,,77.14,11.7,-10.1,0,0,0,1,0,1,SOFT ⭐,40,15,1.0,2026-03-03
ASHOKLEY,ASHOKLEY.NS,,,Mid,Industrials,37.19,,327.89,23.6,6.6,1,0,0,1,0,2,SOFT ⭐,40,15,1.0,2026-03-03
ASIANPAINT,ASIANPAINT.NS,,,Mid,Basic Materials,57.48,,17.61,3.7,-4.6,0,0,0,0,0,0,AVOID ❌,40,15,1.0,2026-03-03
ASTERDM,ASTERDM.NS,,,Mid,Healthcare,101.03,,43.79,13.0,-10.5,0,0,0,1,0,1,SOFT ⭐,40,15,1.0,2026-03-03
ASTRAL,ASTRAL.NS,,,Mid,Industrials,89.29,,6.77,10.3,-5.6,0,0,0,1,0,1,SOFT ⭐,40,15,1.0,2026-03-03
ASTRAZEN,ASTRAZEN.NS,,,Mid,Healthcare,109.89,,4.35,38.9,5.7,0,0,0,1,0,1,SOFT ⭐,40,15,1.0,2026-03-03
ATGL,ATGL.NS,,,Mid,Utilities,84.68,,44.51,16.4,11.6,0,0,0,1,1,2,SOFT ⭐,40,15,1.0,2026-03-03
ATHERENERG,ATHERENERG.NS,,,Mid,Consumer Cyclical,,,15.81,50.2,,0,0,0,1,0,1,SOFT ⭐,40,15,1.0,2026-03-03
ATUL,ATUL.NS,,,Mid,Basic Materials,32.36,,3.14,11.1,47.8,1,0,0,1,1,3,MODERATE ⭐⭐,40,15,1.0,2026-03-03
AUBANK,AUBANK.NS,,,Mid,Financial Services,30.86,,,27.8,25.3,1,0,0,1,1,3,MODERATE ⭐⭐,40,15,1.0,2026-03-03
AUROPHARMA,AUROPHARMA.NS,,,Mid,Healthcare,20.16,,22.25,8.4,7.6,1,0,0,0,0,1,SOFT ⭐,40,15,1.0,2026-03-03
AWL,AWL.NS,,,Mid,Consumer Defensive,24.77,,11.06,10.3,-34.2,1,0,0,1,0,2,SOFT ⭐,40,15,1.0,2026-03-03
AXISBANK,AXISBANK.NS,,,Mid,Financial Services,16.29,13.63,,5.7,3.8,1,0,0,0,0,1,SOFT ⭐,40,15,1.0,2026-03-03
BAJAJ-AUTO,BAJAJ-AUTO.NS,,,Mid,Consumer Cyclical,30.77,,57.26,23.1,25.0,1,0,0,1,1,3,MODERATE ⭐⭐,40,15,1.0,2026-03-03
BAJAJFINSV,BAJAJFINSV.NS,,,Mid,Financial Services,32.47,,237.54,24.8,-0.7,1,0,0,1,0,2,SOFT ⭐,40,15,1.0,2026-03-03
BAJAJHFL,BAJAJHFL.NS,,,Mid,Financial Services,28.71,,443.87,23.1,21.2,1,0,0,1,1,3,MODERATE ⭐⭐,40,15,1.0,2026-03-03
BAJAJHLDNG,BAJAJHLDNG.NS,,,Mid,Financial Services,13.55,,0.02,89.9,15.3,1,0,1,1,1,4,MODERATE ⭐⭐,40,15,1.0,2026-03-03
BAJFINANCE,BAJFINANCE.NS,,,Mid,Financial Services,33.78,,310.29,6.4,-6.8,1,0,0,0,0,1,SOFT ⭐,40,15,1.0,2026-03-03
BALKRISIND,BALKRISIND.NS,,,Mid,Consumer Cyclical,33.9,,35.27,6.9,-15.0,1,0,0,0,0,1,SOFT ⭐,40,15,1.0,2026-03-03
BALRAMCHIN,BALRAMCHIN.NS,,,Mid,Consumer Defensive,20.74,,19.76,22.0,60.3,1,0,0,1,1,3,MODERATE ⭐⭐,40,15,1.0,2026-03-03
BANDHANBNK,BANDHANBNK.NS,,,Mid,Financial Services,28.43,,,-12.8,-51.7,1,0,0,0,0,1,SOFT ⭐,40,15,1.0,2026-03-03
BANKBARODA,BANKBARODA.NS,,,Mid,Financial Services,8.38,12.81,,4.3,4.5,1,0,0,0,0,1,SOFT ⭐,40,15,1.0,2026-03-03
BANKINDIA,BANKINDIA.NS,,,Mid,Financial Services,7.99,12.05,,8.9,6.7,1,0,0,0,0,1,SOFT ⭐,40,15,1.0,2026-03-03
BASF,BASF.NS,,,Mid,Basic Materials,40.98,,3.86,2.8,3.0,0,0,0,0,0,0,AVOID ❌,40,15,1.0,2026-03-03
BATAINDIA,BATAINDIA.NS,,,Mid,Consumer Cyclical,55.56,,90.39,2.8,12.5,0,0,0,0,1,1,SOFT ⭐,40,15,1.0,2026-03-03
BAYERCROP,BAYERCROP.NS,,,Mid,Basic Materials,30.49,,3.27,4.7,179.8,1,0,0,0,1,2,SOFT ⭐,40,15,1.0,2026-03-03
BBTC,BBTC.NS,,,Mid,Consumer Defensive,10.36,,30.3,8.0,-6.7,1,0,0,0,0,1,SOFT ⭐,40,15,1.0,2026-03-03
BDL,BDL.NS,,,Mid,Industrials,80.0,,0.03,-31.9,-50.4,0,0,1,0,0,1,SOFT ⭐,40,15,1.0,2026-03-03
BEL,BEL.NS,,,Mid,Industrials,55.56,,0.27,24.0,20.7,0,0,1,1,1,3,MODERATE ⭐⭐,40,15,1.0,2026-03-03
BEML,BEML.NS,,,Mid,Industrials,55.25,,23.79,23.7,,0,0,0,1,0,1,SOFT ⭐,40,15,1.0,2026-03-03
BERGEPAINT,BERGEPAINT.NS,,,Mid,Basic Materials,49.49,,11.08,0.3,-7.9,0,0,0,0,0,0,AVOID ❌,40,15,1.0,2026-03-03
BHARATFORG,BHARATFORG.NS,,,Mid,Consumer Cyclical,79.36,,71.38,25.0,21.8,0,0,0,1,1,2,SOFT ⭐,40,15,1.0,2026-03-03
BHARTIARTL,BHARTIARTL.NS,,,Mid,Communication Services,37.03,23.12,117.09,19.6,-55.3,1,1,0,1,0,3,MODERATE ⭐⭐,40,15,1.0,2026-03-03
BHARTIHEXA,BHARTIHEXA.NS,,,Mid,Communication Services,45.45,28.81,94.67,4.8,81.4,0,1,0,0,1,2,SOFT ⭐,40,15,1.0,2026-03-03
BHEL,BHEL.NS,,,Mid,Industrials,112.51,,44.96,16.4,187.2,0,0,0,1,1,2,SOFT ⭐,40,15,1.0,2026-03-03
BIKAJI,BIKAJI.NS,,,Mid,Consumer Defensive,64.08,,19.45,10.5,117.5,0,0,0,1,1,2,SOFT ⭐,40,15,1.0,2026-03-03
BIOCON,BIOCON.NS,,,Mid,Healthcare,79.34,,50.02,9.2,409.5,0,0,0,0,1,1,SOFT ⭐,40,15,1.0,2026-03-03
BLS,BLS.NS,,,Mid,Industrials,17.06,,16.55,43.6,34.8,1,0,0,1,1,3,MODERATE ⭐⭐,40,15,1.0,2026-03-03
BLUEDART,BLUEDART.NS,,,Mid,Industrials,51.82,,66.24,6.9,-15.7,0,0,0,0,0,0,AVOID ❌,40,15,1.0,2026-03-03
BLUEJET,BLUEJET.NS,,,Mid,Healthcare,22.73,,1.64,-39.6,-59.4,1,0,0,0,0,1,SOFT ⭐,40,15,1.0,2026-03-03
BLUESTARCO,BLUESTARCO.NS,,,Mid,Industrials,79.37,,33.08,4.2,-39.1,0,0,0,0,0,0,AVOID ❌,40,15,1.0,2026-03-03
BOSCHLTD,BOSCHLTD.NS,,,Mid,Consumer Cyclical,37.88,,0.78,9.4,16.1,1,0,1,0,1,3,MODERATE ⭐⭐,40,15,1.0,2026-03-03
BPCL,BPCL.NS,,,Mid,Energy,6.51,,56.39,5.2,88.8,1,0,0,0,1,2,SOFT ⭐,40,15,1.0,2026-03-03
BRIGADE,BRIGADE.NS,,,Mid,Real Estate,22.22,,75.56,7.6,-23.4,1,0,0,0,0,1,SOFT ⭐,40,15,1.0,2026-03-03
BRITANNIA,BRITANNIA.NS,,,Mid,Consumer Defensive,59.52,,58.42,8.2,16.9,0,0,0,0,1,1,SOFT ⭐,40,15,1.0,2026-03-03
BSE,BSE.NS,,,Mid,Financial Services,50.0,,0.0,48.6,170.9,0,0,1,1,1,3,MODERATE ⭐⭐,40,15,1.0,2026-03-03
BSOFT,BSOFT.NS,,,Mid,Technology,23.1,,4.09,1.3,2.7,1,0,0,0,0,1,SOFT ⭐,40,15,1.0,2026-03-03
CAMPUS,CAMPUS.NS,,,Mid,Consumer Cyclical,54.36,,48.01,14.3,36.2,0,0,0,1,1,2,SOFT ⭐,40,15,1.0,2026-03-03
CAMS,CAMS.NS,,,Mid,Technology,34.96,,6.39,5.5,-0.5,1,0,0,0,0,1,SOFT ⭐,40,15,1.0,2026-03-03
CANBK,CANBK.NS,,,Mid,Financial Services,6.9,18.21,,-42.6,24.5,1,1,0,0,1,3,MODERATE ⭐⭐,40,15,1.0,2026-03-03
CANFINHOME,CANFINHOME.NS,,,Mid,Financial Services,11.24,,658.72,28.2,24.9,1,0,0,1,1,3,MODERATE ⭐⭐,40,15,1.0,2026-03-03
CAPLIPOINT,CAPLIPOINT.NS,,,Mid,Healthcare,20.79,,0.17,10.1,18.3,1,0,1,1,1,4,MODERATE ⭐⭐,40,15,1.0,2026-03-03
CARBORUNIV,CARBORUNIV.NS,,,Mid,Industrials,62.51,,7.95,2.8,120.3,0,0,0,0,1,1,SOFT ⭐,40,15,1.0,2026-03-03
CASTROLIND,CASTROLIND.NS,,,Mid,Energy,19.34,45.47,3.31,6.0,-9.9,1,1,0,0,0,2,SOFT ⭐,40,15,1.0,2026-03-03
CCL,CCL.NS,,,Mid,Consumer Defensive,36.1,,77.99,38.4,59.0,1,0,0,1,1,3,MODERATE ⭐⭐,40,15,1.0,2026-03-03
CDSL,CDSL.NS,,,Mid,Financial Services,53.75,,0.14,11.9,2.4,0,0,1,1,0,2,SOFT ⭐,40,15,1.0,2026-03-03
CEATLTD,CEATLTD.NS,,,Mid,Consumer Cyclical,25.25,,67.99,26.0,60.7,1,0,0,1,1,3,MODERATE ⭐⭐,40,15,1.0,2026-03-03
CENTRALBK,CENTRALBK.NS,,,Mid,Financial Services,7.12,13.23,,12.3,26.1,1,0,0,1,1,3,MODERATE ⭐⭐,40,15,1.0,2026-03-03
CENTURYPLY,CENTURYPLY.NS,,,Mid,Basic Materials,68.52,,66.14,18.4,9.1,0,0,0,1,0,1,SOFT ⭐,40,15,1.0,2026-03-03
CERA,CERA.NS,,,Mid,Industrials,29.07,,4.35,10.3,-48.3,1,0,0,1,0,2,SOFT ⭐,40,15,1.0,2026-03-03
CESC,CESC.NS,,,Mid,Utilities,13.79,,141.11,12.5,8.0,1,0,0,1,0,2,SOFT ⭐,40,15,1.0,2026-03-03
CGCL,CGCL.NS,,,Mid,Financial Services,17.0,,251.55,61.1,71.0,1,0,0,1,1,3,MODERATE ⭐⭐,40,15,1.0,2026-03-03
CGPOWER,CGPOWER.NS,,,Mid,Industrials,99.01,,1.52,26.2,15.3,0,0,0,1,1,2,SOFT ⭐,40,15,1.0,2026-03-03
CHALET,CHALET.NS,,,Mid,Consumer Cyclical,28.33,,72.88,27.1,28.1,1,0,0,1,1,3,MODERATE ⭐⭐,40,15,1.0,2026-03-03
CHAMBLFERT,CHAMBLFERT.NS,,,Mid,Basic Materials,9.38,,1.02,19.9,9.7,1,0,0,1,0,2,SOFT ⭐,40,15,1.0,2026-03-03
CHENNPETRO,CHENNPETRO.NS,,,Mid,Energy,6.49,,21.9,21.3,4704.3,1,0,0,1,1,3,MODERATE ⭐⭐,40,15,1.0,2026-03-03
CHOICEIN,CHOICEIN.NS,,,Mid,Financial Services,65.79,,35.61,47.1,102.0,0,0,0,1,1,2,SOFT ⭐,40,15,1.0,2026-03-03
CHOLAFIN,CHOLAFIN.NS,,,Mid,Financial Services,29.68,,724.31,19.6,18.1,1,0,0,1,1,3,MODERATE ⭐⭐,40,15,1.0,2026-03-03
CHOLAHLDNG,CHOLAHLDNG.NS,,,Mid,Financial Services,12.69,,635.38,18.6,28.7,1,0,0,1,1,3,MODERATE ⭐⭐,40,15,1.0,2026-03-03
CIPLA,CIPLA.NS,,,Mid,Healthcare,24.04,,1.42,0.0,-57.0,1,0,0,0,0,1,SOFT ⭐,40,15,1.0,2026-03-03
CLEAN,CLEAN.NS,,,Mid,Basic Materials,32.16,,0.14,-8.8,-30.1,1,0,1,0,0,2,SOFT ⭐,40,15,1.0,2026-03-03
COALINDIA,COALINDIA.NS,,,Mid,Energy,8.8,,12.98,15.3,-15.9,1,0,0,1,0,2,SOFT ⭐,40,15,1.0,2026-03-03
COCHINSHIP,COCHINSHIP.NS,,,Mid,Industrials,52.36,,20.29,17.7,-18.3,0,0,0,1,0,1,SOFT ⭐,40,15,1.0,2026-03-03
COFORGE,COFORGE.NS,,,Mid,Technology,34.72,,10.89,26.2,15.5,1,0,0,1,1,3,MODERATE ⭐⭐,40,15,1.0,2026-03-03
COHANCE,COHANCE.NS,,,Mid,Healthcare,59.92,,11.49,77.3,-70.3,0,0,0,1,0,1,SOFT ⭐,40,15,1.0,2026-03-03
COLPAL,COLPAL.NS,,,Mid,Consumer Defensive,45.45,,3.79,1.7,0.3,0,0,0,0,0,0,AVOID ❌,40,15,1.0,2026-03-03
CONCOR,CONCOR.NS,,,Mid,Industrials,28.56,,7.02,4.5,-8.9,1,0,0,0,0,1,SOFT ⭐,40,15,1.0,2026-03-03
CONCORDBIO,CONCORDBIO.NS,,,Mid,Healthcare,40.33,,0.09,13.7,-16.3,0,0,1,1,0,2,SOFT ⭐,40,15,1.0,2026-03-03
COROMANDEL,COROMANDEL.NS,,,Mid,Basic Materials,26.81,,11.6,26.6,-1.3,1,0,0,1,0,2,SOFT ⭐,40,15,1.0,2026-03-03
CRAFTSMAN,CRAFTSMAN.NS,,,Mid,Consumer Cyclical,54.64,,109.27,30.5,728.4,0,0,0,1,1,2,SOFT ⭐,40,15,1.0,2026-03-03
CREDITACC,CREDITACC.NS,,,Mid,Financial Services,40.0,,280.71,344.2,,0,0,0,1,0,1,SOFT ⭐,40,15,1.0,2026-03-03
CRISIL,CRISIL.NS,,,Mid,Financial Services,41.15,27.37,9.79,18.5,7.5,0,1,0,1,0,2,SOFT ⭐,40,15,1.0,2026-03-03
CROMPTON,CROMPTON.NS,,,Mid,Consumer Cyclical,35.35,,4.83,7.3,-10.5,1,0,0,0,0,1,SOFT ⭐,40,15,1.0,2026-03-03
CUB,CUB.NS,,,Mid,Financial Services,16.45,,,21.6,16.4,1,0,0,1,1,3,MODERATE ⭐⭐,40,15,1.0,2026-03-03
CUMMINSIND,CUMMINSIND.NS,,,Mid,Industrials,59.53,,0.31,-1.3,-13.0,0,0,1,0,0,1,SOFT ⭐,40,15,1.0,2026-03-03
CYIENT,CYIENT.NS,,,Mid,Industrials,18.38,,7.22,-4.0,-25.0,1,0,0,0,0,1,SOFT ⭐,40,15,1.0,2026-03-03
DABUR,DABUR.NS,,,Mid,Consumer Defensive,48.76,,11.46,6.1,7.1,0,0,0,0,0,0,AVOID ❌,40,15,1.0,2026-03-03
DALBHARAT,DALBHARAT.NS,,,Mid,Basic Materials,30.96,,39.76,10.2,100.0,1,0,0,1,1,3,MODERATE ⭐⭐,40,15,1.0,2026-03-03
DATAPATTNS,DATAPATTNS.NS,,,Mid,Industrials,72.46,,0.38,47.9,30.7,0,0,1,1,1,3,MODERATE ⭐⭐,40,15,1.0,2026-03-03
DBREALTY,DBREALTY.NS,,,Mid,Real Estate,55.75,,24.79,141.4,1337.5,0,0,0,1,1,2,SOFT ⭐,40,15,1.0,2026-03-03
DCMSHRIRAM,DCMSHRIRAM.NS,,,Mid,Industrials,23.87,,30.05,13.2,-19.2,1,0,0,1,0,2,SOFT ⭐,40,15,1.0,2026-03-03
DEEPAKFERT,DEEPAKFERT.NS,,,Mid,Basic Materials,14.12,,62.05,9.7,-43.6,1,0,0,0,0,1,SOFT ⭐,40,15,1.0,2026-03-03
DEEPAKNTR,DEEPAKNTR.NS,,,Mid,Basic Materials,39.53,,22.41,3.8,1.8,1,0,0,0,0,1,SOFT ⭐,40,15,1.0,2026-03-03
DELHIVERY,DELHIVERY.NS,,,Mid,Industrials,212.89,,17.23,17.9,57.6,0,0,0,1,1,2,SOFT ⭐,40,15,1.0,2026-03-03
DEVYANI,DEVYANI.NS,,,Mid,Consumer Cyclical,,,170.71,11.3,,0,0,0,1,0,1,SOFT ⭐,40,15,1.0,2026-03-03
DIVISLAB,DIVISLAB.NS,,,Mid,Healthcare,68.49,,0.58,12.3,-1.0,0,0,1,1,0,2,SOFT ⭐,40,15,1.0,2026-03-03
DIXON,DIXON.NS,,,Mid,Technology,37.04,,29.66,2.1,47.6,1,0,0,0,1,2,SOFT ⭐,40,15,1.0,2026-03-03
DLF,DLF.NS,,,Mid,Real Estate,33.01,,4.13,32.2,13.6,1,0,0,1,1,3,MODERATE ⭐⭐,40,15,1.0,2026-03-03
DMART,DMART.NS,,,Mid,Consumer Defensive,86.95,,7.03,13.3,18.3,0,0,0,1,1,2,SOFT ⭐,40,15,1.0,2026-03-03
DOMS,DOMS.NS,,,Mid,Industrials,61.72,,13.64,18.2,6.5,0,0,0,1,0,1,SOFT ⭐,40,15,1.0,2026-03-03
DRREDDY,DRREDDY.NS,,,Mid,Healthcare,19.08,16.1,18.03,4.4,-14.3,1,1,0,0,0,2,SOFT ⭐,40,15,1.0,2026-03-03
ECLERX,ECLERX.NS,,,Mid,Technology,22.17,,15.04,25.4,39.3,1,0,0,1,1,3,MODERATE ⭐⭐,40,15,1.0,2026-03-03
EICHERMOT,EICHERMOT.NS,,,Mid,Consumer Cyclical,40.16,,2.02,22.9,21.3,0,0,0,1,1,2,SOFT ⭐,40,15,1.0,2026-03-03
EIDPARRY,EIDPARRY.NS,,,Mid,Basic Materials,13.04,,18.39,18.3,19.1,1,0,0,1,1,3,MODERATE ⭐⭐,40,15,1.0,2026-03-03
EIHOTEL,EIHOTEL.NS,,,Mid,Consumer Cyclical,30.4,,5.18,9.1,-8.0,1,0,0,0,0,1,SOFT ⭐,40,15,1.0,2026-03-03
ELECON,ELECON.NS,,,Mid,Industrials,18.9,,11.49,4.3,-33.0,1,0,0,0,0,1,SOFT ⭐,40,15,1.0,2026-03-03
ELGIEQUIP,ELGIEQUIP.NS,,,Mid,Industrials,40.66,,26.27,18.4,18.2,0,0,0,1,1,2,SOFT ⭐,40,15,1.0,2026-03-03
EMAMILTD,EMAMILTD.NS,,,Mid,Consumer Defensive,25.19,,2.46,9.8,14.6,1,0,0,0,1,2,SOFT ⭐,40,15,1.0,2026-03-03
EMCURE,EMCURE.NS,,,Mid,Healthcare,31.45,,33.97,20.4,49.8,1,0,0,1,1,3,MODERATE ⭐⭐,40,15,1.0,2026-03-03
ENDURANCE,ENDURANCE.NS,,,Mid,Consumer Cyclical,40.48,,19.64,26.2,20.2,0,0,0,1,1,2,SOFT ⭐,40,15,1.0,2026-03-03
ENGINERSIN,ENGINERSIN.NS,,,Mid,Industrials,15.39,,0.73,58.3,218.6,1,0,1,1,1,4,MODERATE ⭐⭐,40,15,1.0,2026-03-03
ENRIN,ENRIN.NS,,,Mid,Utilities,89.3,,3.37,26.0,35.0,0,0,0,1,1,2,SOFT ⭐,40,15,1.0,2026-03-03
ERIS,ERIS.NS,,,Mid,Healthcare,43.11,,68.19,10.9,19.1,0,0,0,1,1,2,SOFT ⭐,40,15,1.0,2026-03-03
ESCORTS,ESCORTS.NS,,,Mid,Industrials,28.41,,0.87,11.3,11.7,1,0,1,1,1,4,MODERATE ⭐⭐,40,15,1.0,2026-03-03
ETERNAL,ETERNAL.NS,,,Mid,Consumer Cyclical,1011.96,,10.88,201.9,83.3,0,0,0,1,1,2,SOFT ⭐,40,15,1.0,2026-03-03
EXIDEIND,EXIDEIND.NS,,,Mid,Consumer Cyclical,33.21,,11.15,4.6,24.5,1,0,0,0,1,2,SOFT ⭐,40,15,1.0,2026-03-03
FACT,FACT.NS,,,Mid,Basic Materials,1652.91,,278.99,65.1,,0,0,0,1,0,1,SOFT ⭐,40,15,1.0,2026-03-03
FEDERALBNK,FEDERALBNK.NS,,,Mid,Financial Services,17.89,,,15.1,15.5,1,0,0,1,1,3,MODERATE ⭐⭐,40,15,1.0,2026-03-03
FINCABLES,FINCABLES.NS,,,Mid,Industrials,21.28,,0.38,35.2,11.4,1,0,1,1,1,4,MODERATE ⭐⭐,40,15,1.0,2026-03-03
FINPIPE,FINPIPE.NS,,,Mid,Industrials,22.21,,0.36,-10.3,23.7,1,0,1,0,1,3,MODERATE ⭐⭐,40,15,1.0,2026-03-03
FIRSTCRY,FIRSTCRY.NS,,,Mid,Consumer Cyclical,,,31.48,11.6,,0,0,0,1,0,1,SOFT ⭐,40,15,1.0,2026-03-03
FIVESTAR,FIVESTAR.NS,,,Mid,Financial Services,10.83,,123.06,6.9,0.3,1,0,0,0,0,1,SOFT ⭐,40,15,1.0,2026-03-03
FLUOROCHEM,FLUOROCHEM.NS,,,Mid,Basic Materials,55.56,,22.48,-1.0,-19.0,0,0,0,0,0,0,AVOID ❌,40,15,1.0,2026-03-03
FORCEMOT,FORCEMOT.NS,,,Mid,Consumer Cyclical,22.52,,,12.7,252.2,1,0,0,1,1,3,MODERATE ⭐⭐,40,15,1.0,2026-03-03
FORTIS,FORTIS.NS,,,Mid,Healthcare,73.54,,32.96,17.5,-21.6,0,0,0,1,0,1,SOFT ⭐,40,15,1.0,2026-03-03
FSL,FSL.NS,,,Mid,Technology,23.59,,54.26,16.2,-24.7,1,0,0,1,0,2,SOFT ⭐,40,15,1.0,2026-03-03
GAIL,GAIL.NS,,,Mid,Utilities,12.64,,25.37,-4.5,-57.0,1,0,0,0,0,1,SOFT ⭐,40,15,1.0,2026-03-03
GESHIP,GESHIP.NS,,,Mid,Industrials,8.39,,8.24,17.6,36.9,1,0,0,1,1,3,MODERATE ⭐⭐,40,15,1.0,2026-03-03
GICRE,GICRE.NS,,,Mid,Financial Services,6.79,10.14,,11.6,2.9,1,0,0,1,0,2,SOFT ⭐,40,15,1.0,2026-03-03
GILLETTE,GILLETTE.NS,,,Mid,Consumer Defensive,49.75,,0.0,15.2,36.9,0,0,1,1,1,3,MODERATE ⭐⭐,40,15,1.0,2026-03-03
GLAND,GLAND.NS,,,Mid,Healthcare,34.97,,3.16,22.5,27.8,1,0,0,1,1,3,MODERATE ⭐⭐,40,15,1.0,2026-03-03
GLAXO,GLAXO.NS,,,Mid,Healthcare,42.01,,2.09,9.7,28.6,0,0,0,0,1,1,SOFT ⭐,40,15,1.0,2026-03-03
GLENMARK,GLENMARK.NS,,,Mid,Healthcare,56.19,,12.78,15.1,15.8,0,0,0,1,1,2,SOFT ⭐,40,15,1.0,2026-03-03
GMDCLTD,GMDCLTD.NS,,,Mid,Energy,17.73,,4.14,-11.4,-9.9,1,0,0,0,0,1,SOFT ⭐,40,15,1.0,2026-03-03
GMRAIRPORT,GMRAIRPORT.NS,,,Mid,Industrials,,,,50.5,-45.5,0,0,0,1,0,1,SOFT ⭐,40,15,1.0,2026-03-03
GODFRYPHLP,GODFRYPHLP.NS,,,Mid,Consumer Defensive,24.51,,3.0,14.9,8.3,1,0,0,1,0,2,SOFT ⭐,40,15,1.0,2026-03-03
GODIGIT,GODIGIT.NS,,,Mid,Financial Services,59.92,,7.44,5.5,18.0,0,0,0,0,1,1,SOFT ⭐,40,15,1.0,2026-03-03
GODREJAGRO,GODREJAGRO.NS,,,Mid,Consumer Defensive,26.66,,110.73,11.0,2.9,1,0,0,1,0,2,SOFT ⭐,40,15,1.0,2026-03-03
GODREJCP,GODREJCP.NS,,,Mid,Consumer Defensive,66.22,,33.82,8.8,0.0,0,0,0,0,0,0,AVOID ❌,40,15,1.0,2026-03-03
GODREJIND,GODREJIND.NS,,,Mid,Industrials,33.11,,212.69,10.7,8.6,1,0,0,1,0,2,SOFT ⭐,40,15,1.0,2026-03-03
GODREJPROP,GODREJPROP.NS,,,Mid,Real Estate,33.0,,87.89,-48.6,13.7,1,0,0,0,1,2,SOFT ⭐,40,15,1.0,2026-03-03
GPIL,GPIL.NS,,,Mid,Basic Materials,21.83,,3.64,-12.2,-3.8,1,0,0,0,0,1,SOFT ⭐,40,15,1.0,2026-03-03
GRANULES,GRANULES.NS,,,Mid,Healthcare,25.51,,45.37,22.0,27.6,1,0,0,1,1,3,MODERATE ⭐⭐,40,15,1.0,2026-03-03
GRAPHITE,GRAPHITE.NS,,,Mid,Industrials,42.01,,4.57,22.8,,0,0,0,1,0,1,SOFT ⭐,40,15,1.0,2026-03-03
GRASIM,GRASIM.NS,,,Mid,Basic Materials,41.66,,126.63,27.4,14.1,0,0,0,1,1,2,SOFT ⭐,40,15,1.0,2026-03-03
GRAVITA,GRAVITA.NS,,,Mid,Industrials,29.67,,19.62,2.1,14.6,1,0,0,0,1,2,SOFT ⭐,40,15,1.0,2026-03-03
GRSE,GRSE.NS,,,Mid,Industrials,39.37,,1.39,49.1,74.0,1,0,0,1,1,3,MODERATE ⭐⭐,40,15,1.0,2026-03-03
GSPL,GSPL.NS,,,Mid,Utilities,16.05,,0.88,-10.9,9.6,1,0,1,0,0,2,SOFT ⭐,40,15,1.0,2026-03-03
GUJGASLTD,GUJGASLTD.NS,,,Mid,Utilities,23.58,,1.74,-11.9,20.9,1,0,0,0,1,2,SOFT ⭐,40,15,1.0,2026-03-03
GVT&D,GVT&D.NS,,,Mid,Industrials,90.1,,1.46,58.4,104.0,0,0,0,1,1,2,SOFT ⭐,40,15,1.0,2026-03-03
HAL,HAL.NS,,,Mid,Industrials,29.67,,0.03,10.7,29.6,1,0,1,1,1,4,MODERATE ⭐⭐,40,15,1.0,2026-03-03
HAPPSTMNDS,HAPPSTMNDS.NS,,,Mid,Technology,28.26,11.7,,35.8,-34.1,1,0,0,1,0,2,SOFT ⭐,40,15,1.0,2026-03-03
HAVELLS,HAVELLS.NS,,,Mid,Industrials,57.13,,3.29,14.3,8.1,0,0,0,1,0,1,SOFT ⭐,40,15,1.0,2026-03-03
HBLENGINE,HBLENGINE.NS,,,Mid,Industrials,23.14,,4.4,94.0,244.2,1,0,0,1,1,3,MODERATE ⭐⭐,40,15,1.0,2026-03-03
HCLTECH,HCLTECH.NS,,,Mid,Technology,22.57,23.19,9.75,7.4,-15.9,1,1,0,0,0,2,SOFT ⭐,40,15,1.0,2026-03-03
HDFCAMC,HDFCAMC.NS,,,Mid,Financial Services,39.69,,,20.1,19.7,1,0,0,1,1,3,MODERATE ⭐⭐,40,15,1.0,2026-03-03
HDFCBANK,HDFCBANK.NS,,,Mid,Financial Services,19.61,14.02,,26.4,11.5,1,0,0,1,1,3,MODERATE ⭐⭐,40,15,1.0,2026-03-03
HDFCLIFE,HDFCLIFE.NS,,,Mid,Financial Services,80.65,11.32,17.61,70.4,-1.0,0,0,0,1,0,1,SOFT ⭐,40,15,1.0,2026-03-03
HEG,HEG.NS,,,Mid,Industrials,28.99,,13.81,37.2,148.1,1,0,0,1,1,3,MODERATE ⭐⭐,40,15,1.0,2026-03-03
HEROMOTOCO,HEROMOTOCO.NS,,,Mid,Consumer Cyclical,20.58,,3.4,21.7,14.4,1,0,0,1,1,3,MODERATE ⭐⭐,40,15,1.0,2026-03-03
HEXT,HEXT.NS,,,Mid,Technology,21.06,23.46,10.78,10.3,-9.7,1,1,0,1,0,3,MODERATE ⭐⭐,40,15,1.0,2026-03-03
HFCL,HFCL.NS,,,Mid,Technology,187.5,,41.39,19.6,31.4,0,0,0,1,1,2,SOFT ⭐,40,15,1.0,2026-03-03
HINDALCO,HINDALCO.NS,,,Mid,Basic Materials,13.0,,57.57,13.9,-45.1,1,0,0,1,0,2,SOFT ⭐,40,15,1.0,2026-03-03
HINDCOPPER,HINDCOPPER.NS,,,Mid,Basic Materials,84.09,,4.78,109.7,149.2,0,0,0,1,1,2,SOFT ⭐,40,15,1.0,2026-03-03
HINDPETRO,HINDPETRO.NS,,,Mid,Energy,5.86,,110.91,4.1,57.7,1,0,0,0,1,2,SOFT ⭐,40,15,1.0,2026-03-03
HINDUNILVR,HINDUNILVR.NS,,,Mid,Consumer Defensive,54.06,,3.61,3.9,121.4,0,0,0,0,1,1,SOFT ⭐,40,15,1.0,2026-03-03
HINDZINC,HINDZINC.NS,,,Mid,Basic Materials,22.12,,88.17,27.8,46.2,1,0,0,1,1,3,MODERATE ⭐⭐,40,15,1.0,2026-03-03
HOMEFIRST,HOMEFIRST.NS,,,Mid,Financial Services,22.37,,240.45,34.6,25.3,1,0,0,1,1,3,MODERATE ⭐⭐,40,15,1.0,2026-03-03
HONASA,HONASA.NS,,,Mid,Consumer Defensive,61.37,,11.18,16.2,94.9,0,0,0,1,1,2,SOFT ⭐,40,15,1.0,2026-03-03
HONAUT,HONAUT.NS,,,Mid,Industrials,53.19,,2.21,7.1,-8.2,0,0,0,0,0,0,AVOID ❌,40,15,1.0,2026-03-03
HSCL,HSCL.NS,,,Mid,Basic Materials,32.26,,21.09,3.8,34.7,1,0,0,0,1,2,SOFT ⭐,40,15,1.0,2026-03-03
HUDCO,HUDCO.NS,,,Mid,Financial Services,13.09,,705.76,16.1,-3.0,1,0,0,1,0,2,SOFT ⭐,40,15,1.0,2026-03-03
HYUNDAI,HYUNDAI.NS,,,Mid,Consumer Cyclical,30.12,,4.89,8.0,6.3,1,0,0,0,0,1,SOFT ⭐,40,15,1.0,2026-03-03
ICICIBANK,ICICIBANK.NS,,,Mid,Financial Services,18.76,16.8,,3.0,-3.7,1,1,0,0,0,2,SOFT ⭐,40,15,1.0,2026-03-03
ICICIGI,ICICIGI.NS,,,Mid,Financial Services,34.72,17.27,,12.2,-9.3,1,1,0,1,0,3,MODERATE ⭐⭐,40,15,1.0,2026-03-03
ICICIPRULI,ICICIPRULI.NS,,,Mid,Financial Services,68.94,10.91,19.29,396.9,19.3,0,0,0,1,1,2,SOFT ⭐,40,15,1.0,2026-03-03
IDBI,IDBI.NS,,,Mid,Financial Services,13.29,14.73,,3.0,0.6,1,0,0,0,0,1,SOFT ⭐,40,15,1.0,2026-03-03
IDEA,IDEA.NS,,,Mid,Communication Services,,,,1.9,,0,0,0,0,0,0,AVOID ❌,40,15,1.0,2026-03-03
IDFCFIRSTB,IDFCFIRSTB.NS,,,Mid,Financial Services,37.78,3.71,,16.4,17.4,1,0,0,1,1,3,MODERATE ⭐⭐,40,15,1.0,2026-03-03
IEX,IEX.NS,,,Mid,Financial Services,22.5,,0.3,14.0,10.7,1,0,1,1,1,4,MODERATE ⭐⭐,40,15,1.0,2026-03-03
IFCI,IFCI.NS,,,Mid,Financial Services,37.81,,22.62,-34.6,,1,0,0,0,0,1,SOFT ⭐,40,15,1.0,2026-03-03
IGIL,IGIL.NS,,,Mid,Basic Materials,27.46,43.0,10.12,-30.0,23.1,1,1,0,0,1,3,MODERATE ⭐⭐,40,15,1.0,2026-03-03
IGL,IGL.NS,,,Mid,Utilities,14.04,,0.9,8.2,20.6,1,0,1,0,1,3,MODERATE ⭐⭐,40,15,1.0,2026-03-03
IIFL,IIFL.NS,,,Mid,Financial Services,16.75,,401.13,65.9,1042.1,1,0,0,1,1,3,MODERATE ⭐⭐,40,15,1.0,2026-03-03
IKS,IKS.NS,,,Mid,Healthcare,34.61,,34.19,24.0,41.2,1,0,0,1,1,3,MODERATE ⭐⭐,40,15,1.0,2026-03-03
INDGN,INDGN.NS,,,Mid,Healthcare,26.31,,4.26,30.8,-6.4,1,0,0,1,0,2,SOFT ⭐,40,15,1.0,2026-03-03
INDHOTEL,INDHOTEL.NS,,,Mid,Consumer Cyclical,46.07,,25.01,11.9,55.3,0,0,0,1,1,2,SOFT ⭐,40,15,1.0,2026-03-03
INDIACEM,INDIACEM.NS,,,Mid,Basic Materials,,,13.31,18.4,,0,0,0,1,0,1,SOFT ⭐,40,15,1.0,2026-03-03
INDIAMART,INDIAMART.NS,,,Mid,Communication Services,21.05,,1.1,13.4,55.2,1,0,0,1,1,3,MODERATE ⭐⭐,40,15,1.0,2026-03-03
INDIANB,INDIANB.NS,,,Mid,Financial Services,11.43,15.75,,13.8,8.1,1,1,0,1,0,3,MODERATE ⭐⭐,40,15,1.0,2026-03-03
INDIGO,INDIGO.NS,,,Mid,Industrials,54.34,,866.46,6.2,-77.6,0,0,0,0,0,0,AVOID ❌,40,15,1.0,2026-03-03
INDUSINDBK,INDUSINDBK.NS,,,Mid,Financial Services,,,,-28.5,-91.2,0,0,0,0,0,0,AVOID ❌,40,15,1.0,2026-03-03
INDUSTOWER,INDUSTOWER.NS,,,Mid,Communication Services,16.56,20.31,55.02,7.9,-55.6,1,1,0,0,0,2,SOFT ⭐,40,15,1.0,2026-03-03
INFY,INFY.NS,,,Mid,Technology,18.38,32.68,10.53,3.2,-5.3,1,1,0,0,0,2,SOFT ⭐,40,15,1.0,2026-03-03
INOXINDIA,INOXINDIA.NS,,,Mid,Industrials,41.49,,10.14,28.5,4.1,0,0,0,1,0,1,SOFT ⭐,40,15,1.0,2026-03-03
INOXWIND,INOXWIND.NS,,,Mid,Industrials,32.55,,15.71,32.5,-18.0,1,0,0,1,0,2,SOFT ⭐,40,15,1.0,2026-03-03
INTELLECT,INTELLECT.NS,,,Mid,Technology,26.74,,3.01,20.0,-59.5,1,0,0,1,0,2,SOFT ⭐,40,15,1.0,2026-03-03
IOB,IOB.NS,,,Mid,Financial Services,14.31,15.34,,16.3,,1,1,0,1,0,3,MODERATE ⭐⭐,40,15,1.0,2026-03-03
IOC,IOC.NS,,,Mid,Energy,6.9,,72.63,5.7,513.0,1,0,0,0,1,2,SOFT ⭐,40,15,1.0,2026-03-03
IPCALAB,IPCALAB.NS,,,Mid,Healthcare,42.19,,14.43,6.6,23.6,0,0,0,0,1,1,SOFT ⭐,40,15,1.0,2026-03-03
IRB,IRB.NS,,,Mid,Industrials,31.45,,102.31,-16.3,-96.5,1,0,0,0,0,1,SOFT ⭐,40,15,1.0,2026-03-03
IRCON,IRCON.NS,,,Mid,Industrials,20.89,,79.15,-18.9,16.3,1,0,0,0,1,2,SOFT ⭐,40,15,1.0,2026-03-03
IRCTC,IRCTC.NS,,,Mid,Consumer Cyclical,31.95,,1.84,18.4,15.7,1,0,0,1,1,3,MODERATE ⭐⭐,40,15,1.0,2026-03-03
IREDA,IREDA.NS,,,Mid,Financial Services,16.95,,554.12,40.8,32.5,1,0,0,1,1,3,MODERATE ⭐⭐,40,15,1.0,2026-03-03
IRFC,IRFC.NS,,,Mid,Financial Services,18.53,12.9,744.59,10.6,10.4,1,0,0,1,1,3,MODERATE ⭐⭐,40,15,1.0,2026-03-03
ITC,ITC.NS,,,Mid,Consumer Defensive,19.38,,0.51,6.7,0.0,1,0,1,0,0,2,SOFT ⭐,40,15,1.0,2026-03-03
ITCHOTELS,ITCHOTELS.NS,,,Mid,Consumer Cyclical,47.4,,0.72,,15649.1,0,0,1,0,1,2,SOFT ⭐,40,15,1.0,2026-03-03
ITI,ITI.NS,,,Mid,Technology,,,87.14,-50.3,,0,0,0,0,0,0,AVOID ❌,40,15,1.0,2026-03-03
J&KBANK,J&KBANK.NS,,,Mid,Financial Services,6.13,14.64,,1.9,10.0,1,0,0,0,0,1,SOFT ⭐,40,15,1.0,2026-03-03
JBCHEPHARM,JBCHEPHARM.NS,,,Mid,Healthcare,43.67,,1.07,10.5,21.6,0,0,0,1,1,2,SOFT ⭐,40,15,1.0,2026-03-03
JBMA,JBMA.NS,,,Mid,Consumer Cyclical,163.76,,218.26,15.6,4.7,0,0,0,1,0,1,SOFT ⭐,40,15,1.0,2026-03-03
JINDALSAW,JINDALSAW.NS,,,Mid,Basic Materials,10.11,,43.95,-6.2,-49.0,1,0,0,0,0,1,SOFT ⭐,40,15,1.0,2026-03-03
JINDALSTEL,JINDALSTEL.NS,,,Mid,Basic Materials,63.71,,38.02,10.9,-80.1,0,0,0,1,0,1,SOFT ⭐,40,15,1.0,2026-03-03
JIOFIN,JIOFIN.NS,,,Mid,Financial Services,98.03,,7.8,57.3,-8.7,0,0,0,1,0,1,SOFT ⭐,40,15,1.0,2026-03-03
JKCEMENT,JKCEMENT.NS,,,Mid,Basic Materials,41.84,,99.56,18.2,-7.9,0,0,0,1,0,1,SOFT ⭐,40,15,1.0,2026-03-03
JKTYRE,JKTYRE.NS,,,Mid,Consumer Cyclical,19.38,,89.67,15.0,287.8,1,0,0,1,1,3,MODERATE ⭐⭐,40,15,1.0,2026-03-03
JMFINANCIL,JMFINANCIL.NS,,,Mid,Financial Services,9.81,,104.1,31.4,50.0,1,0,0,1,1,3,MODERATE ⭐⭐,40,15,1.0,2026-03-03
JPPOWER,JPPOWER.NS,,,Mid,Utilities,21.92,,27.62,1.4,-97.4,1,0,0,0,0,1,SOFT ⭐,40,15,1.0,2026-03-03
JSL,JSL.NS,,,Mid,Basic Materials,21.98,,37.9,6.2,26.4,1,0,0,0,1,2,SOFT ⭐,40,15,1.0,2026-03-03
JSWCEMENT,JSWCEMENT.NS,,,Mid,Basic Materials,,,75.36,13.2,,0,0,0,1,0,1,SOFT ⭐,40,15,1.0,2026-03-03
JSWENERGY,JSWENERGY.NS,,,Mid,Utilities,36.91,,218.67,67.4,151.0,1,0,0,1,1,3,MODERATE ⭐⭐,40,15,1.0,2026-03-03
JSWINFRA,JSWINFRA.NS,,,Mid,Industrials,32.56,,48.27,14.2,9.6,1,0,0,1,0,2,SOFT ⭐,40,15,1.0,2026-03-03
JSWSTEEL,JSWSTEEL.NS,,,Mid,Basic Materials,41.66,,118.74,11.1,198.6,0,0,0,1,1,2,SOFT ⭐,40,15,1.0,2026-03-03
JUBLFOOD,JUBLFOOD.NS,,,Mid,Consumer Cyclical,104.26,,202.29,13.3,66.1,0,0,0,1,1,2,SOFT ⭐,40,15,1.0,2026-03-03
JUBLINGREA,JUBLINGREA.NS,,,Mid,Basic Materials,33.9,,26.51,-0.5,-32.3,1,0,0,0,0,1,SOFT ⭐,40,15,1.0,2026-03-03
JUBLPHARMA,JUBLPHARMA.NS,,,Mid,Healthcare,31.25,,43.87,16.5,-44.7,1,0,0,1,0,2,SOFT ⭐,40,15,1.0,2026-03-03
JWL,JWL.NS,,,Mid,Industrials,44.46,,26.72,-13.5,-41.9,0,0,0,0,0,0,AVOID ❌,40,15,1.0,2026-03-03
JYOTHYLAB,JYOTHYLAB.NS,,,Mid,Consumer Defensive,26.37,,3.74,5.0,-7.1,1,0,0,0,0,1,SOFT ⭐,40,15,1.0,2026-03-03
JYOTICNC,JYOTICNC.NS,,,Mid,Industrials,0.74,,39.56,28.1,10.2,1,0,0,1,1,3,MODERATE ⭐⭐,40,15,1.0,2026-03-03
KAJARIACER,KAJARIACER.NS,,,Mid,Industrials,36.76,,9.68,0.4,12.7,1,0,0,0,1,2,SOFT ⭐,40,15,1.0,2026-03-03
KALYANKJIL,KALYANKJIL.NS,,,Mid,Consumer Cyclical,36.76,,99.88,41.9,90.1,1,0,0,1,1,3,MODERATE ⭐⭐,40,15,1.0,2026-03-03
KARURVYSYA,KARURVYSYA.NS,,,Mid,Financial Services,13.24,,,17.5,39.1,1,0,0,1,1,3,MODERATE ⭐⭐,40,15,1.0,2026-03-03
KAYNES,KAYNES.NS,,,Mid,Technology,62.9,,18.9,21.6,8.9,0,0,0,1,0,1,SOFT ⭐,40,15,1.0,2026-03-03
KEC,KEC.NS,,,Mid,Industrials,21.79,,94.07,12.2,-1.6,1,0,0,1,0,2,SOFT ⭐,40,15,1.0,2026-03-03
KEI,KEI.NS,,,Mid,Industrials,57.81,,3.8,19.8,37.5,0,0,0,1,1,2,SOFT ⭐,40,15,1.0,2026-03-03
KFINTECH,KFINTECH.NS,,,Mid,Technology,46.73,,3.24,26.2,1.7,0,0,0,1,0,1,SOFT ⭐,40,15,1.0,2026-03-03
KIMS,KIMS.NS,,,Mid,Healthcare,95.25,,123.72,29.2,-40.1,0,0,0,1,0,1,SOFT ⭐,40,15,1.0,2026-03-03
KIRLOSBROS,KIRLOSBROS.NS,,,Mid,Industrials,30.49,,9.87,-2.4,6.0,1,0,0,0,0,1,SOFT ⭐,40,15,1.0,2026-03-03
KIRLOSENG,KIRLOSENG.NS,,,Mid,Industrials,37.59,,165.65,28.8,56.2,1,0,0,1,1,3,MODERATE ⭐⭐,40,15,1.0,2026-03-03
KOTAKBANK,KOTAKBANK.NS,,,Mid,Financial Services,21.83,,,24.2,4.7,1,0,0,1,0,2,SOFT ⭐,40,15,1.0,2026-03-03
KPIL,KPIL.NS,,,Mid,Industrials,24.09,,69.69,16.3,2.8,1,0,0,1,0,2,SOFT ⭐,40,15,1.0,2026-03-03
KPITTECH,KPITTECH.NS,,,Mid,Technology,28.73,,16.21,9.4,-28.7,1,0,0,0,0,1,SOFT ⭐,40,15,1.0,2026-03-03
KPRMILL,KPRMILL.NS,,,Mid,Consumer Cyclical,35.21,,6.46,-4.0,3.0,1,0,0,0,0,1,SOFT ⭐,40,15,1.0,2026-03-03
KSB,KSB.NS,,,Mid,Industrials,49.02,17.1,0.31,7.9,10.9,0,1,1,0,1,3,MODERATE ⭐⭐,40,15,1.0,2026-03-03
LALPATHLAB,LALPATHLAB.NS,,,Mid,Healthcare,44.45,,6.44,10.6,-6.6,0,0,0,1,0,1,SOFT ⭐,40,15,1.0,2026-03-03
LATENTVIEW,LATENTVIEW.NS,,,Mid,Industrials,34.0,,1.52,22.0,19.8,1,0,0,1,1,3,MODERATE ⭐⭐,40,15,1.0,2026-03-03
LAURUSLABS,LAURUSLABS.NS,,,Mid,Healthcare,68.01,,44.83,25.7,171.9,0,0,0,1,1,2,SOFT ⭐,40,15,1.0,2026-03-03
LEMONTREE,LEMONTREE.NS,,,Mid,Consumer Cyclical,41.0,,109.55,14.3,0.0,0,0,0,1,0,1,SOFT ⭐,40,15,1.0,2026-03-03
LICHSGFIN,LICHSGFIN.NS,,,Mid,Financial Services,5.29,,679.25,-2.0,-2.6,1,0,0,0,0,1,SOFT ⭐,40,15,1.0,2026-03-03
LICI,LICI.NS,,,Mid,Financial Services,10.04,,,16.1,,1,0,0,1,0,2,SOFT ⭐,40,15,1.0,2026-03-03
LINDEINDIA,LINDEINDIA.NS,,,Mid,Basic Materials,96.15,,1.69,15.7,66.2,0,0,0,1,1,2,SOFT ⭐,40,15,1.0,2026-03-03
LLOYDSME,LLOYDSME.NS,,,Mid,Basic Materials,27.55,,100.05,201.9,166.8,1,0,0,1,1,3,MODERATE ⭐⭐,40,15,1.0,2026-03-03
LODHA,LODHA.NS,,,Mid,Real Estate,28.9,16.9,45.11,14.4,1.2,1,1,0,1,0,3,MODERATE ⭐⭐,40,15,1.0,2026-03-03
LT,LT.NS,,,Mid,Industrials,31.85,,111.85,11.1,-4.3,1,0,0,1,0,2,SOFT ⭐,40,15,1.0,2026-03-03
LTF,LTF.NS,,,Mid,Financial Services,24.62,,370.75,26.6,17.6,1,0,0,1,1,3,MODERATE ⭐⭐,40,15,1.0,2026-03-03
LTFOODS,LTFOODS.NS,,,Mid,Consumer Defensive,20.32,,43.09,22.9,9.7,1,0,0,1,0,2,SOFT ⭐,40,15,1.0,2026-03-03
LTM,LTM.NS,,,Mid,Technology,27.47,20.97,9.82,11.6,-10.6,1,1,0,1,0,3,MODERATE ⭐⭐,40,15,1.0,2026-03-03
LTTS,LTTS.NS,,,Mid,Technology,29.07,,10.15,10.2,-6.2,1,0,0,1,0,2,SOFT ⭐,40,15,1.0,2026-03-03
LUPIN,LUPIN.NS,,,Mid,Healthcare,22.78,,31.51,24.3,37.3,1,0,0,1,1,3,MODERATE ⭐⭐,40,15,1.0,2026-03-03
M&M,M&M.NS,,,Mid,Consumer Cyclical,23.87,,132.29,26.4,46.8,1,0,0,1,1,3,MODERATE ⭐⭐,40,15,1.0,2026-03-03
M&MFIN,M&MFIN.NS,,,Mid,Financial Services,20.67,,435.08,8.8,-20.1,1,0,0,0,0,1,SOFT ⭐,40,15,1.0,2026-03-03
MAHABANK,MAHABANK.NS,,,Mid,Financial Services,8.55,21.17,,25.5,27.2,1,1,0,1,1,4,MODERATE ⭐⭐,40,15,1.0,2026-03-03
MAHSCOOTER,MAHSCOOTER.NS,,,Mid,Financial Services,42.19,,,-0.8,24.1,0,0,0,0,1,1,SOFT ⭐,40,15,1.0,2026-03-03
MAHSEAMLES,MAHSEAMLES.NS,,,Mid,Basic Materials,8.82,,0.15,-22.6,30.5,1,0,1,0,1,3,MODERATE ⭐⭐,40,15,1.0,2026-03-03
MANAPPURAM,MANAPPURAM.NS,,,Mid,Financial Services,59.87,,301.61,-1.7,-14.3,0,0,0,0,0,0,AVOID ❌,40,15,1.0,2026-03-03
MANKIND,MANKIND.NS,,,Mid,Healthcare,52.09,,53.89,10.4,4.8,0,0,0,1,0,1,SOFT ⭐,40,15,1.0,2026-03-03
MANYAVAR,MANYAVAR.NS,,,Mid,Consumer Cyclical,25.13,,26.95,-3.8,-14.6,1,0,0,0,0,1,SOFT ⭐,40,15,1.0,2026-03-03
MAPMYINDIA,MAPMYINDIA.NS,,,Mid,Technology,42.01,,1.15,-18.2,-42.2,0,0,0,0,0,0,AVOID ❌,40,15,1.0,2026-03-03
MARICO,MARICO.NS,,,Mid,Consumer Defensive,58.8,,13.67,26.6,12.1,0,0,0,1,1,2,SOFT ⭐,40,15,1.0,2026-03-03
MARUTI,MARUTI.NS,,,Mid,Consumer Cyclical,30.3,,0.1,28.7,4.1,1,0,1,1,0,3,MODERATE ⭐⭐,40,15,1.0,2026-03-03
MAXHEALTH,MAXHEALTH.NS,,,Mid,Healthcare,74.63,,32.58,10.7,26.6,0,0,0,1,1,2,SOFT ⭐,40,15,1.0,2026-03-03
MAZDOCK,MAZDOCK.NS,,,Mid,Industrials,37.04,,0.02,14.6,9.0,1,0,1,1,0,3,MODERATE ⭐⭐,40,15,1.0,2026-03-03
MCX,MCX.NS,,,Mid,Financial Services,100.01,,0.02,114.9,150.6,0,0,1,1,1,3,MODERATE ⭐⭐,40,15,1.0,2026-03-03
MEDANTA,MEDANTA.NS,,,Mid,Healthcare,59.16,,25.47,18.8,-33.5,0,0,0,1,0,1,SOFT ⭐,40,15,1.0,2026-03-03
METROPOLIS,METROPOLIS.NS,,,Mid,Healthcare,57.48,,13.92,25.8,30.4,0,0,0,1,1,2,SOFT ⭐,40,15,1.0,2026-03-03
MFSL,MFSL.NS,,,Mid,Financial Services,434.33,,,59.8,-33.9,0,0,0,1,0,1,SOFT ⭐,40,15,1.0,2026-03-03
MGL,MGL.NS,,,Mid,Utilities,12.52,,3.54,11.5,-9.1,1,0,0,1,0,2,SOFT ⭐,40,15,1.0,2026-03-03
MINDACORP,MINDACORP.NS,,,Mid,Consumer Cyclical,45.03,,62.97,24.6,32.1,0,0,0,1,1,2,SOFT ⭐,40,15,1.0,2026-03-03
MMTC,MMTC.NS,,,Mid,Industrials,33.26,,1.8,36.0,1450.0,1,0,0,1,1,3,MODERATE ⭐⭐,40,15,1.0,2026-03-03
MOTHERSON,MOTHERSON.NS,,,Mid,Consumer Cyclical,39.71,,49.94,14.5,16.4,1,0,0,1,1,3,MODERATE ⭐⭐,40,15,1.0,2026-03-03
MOTILALOFS,MOTILALOFS.NS,,,Mid,Financial Services,21.84,,121.04,3.7,-0.5,1,0,0,0,0,1,SOFT ⭐,40,15,1.0,2026-03-03
MPHASIS,MPHASIS.NS,,,Mid,Technology,23.92,18.7,23.62,12.4,3.2,1,1,0,1,0,3,MODERATE ⭐⭐,40,15,1.0,2026-03-03
MRF,MRF.NS,,,Mid,Consumer Cyclical,26.39,,18.68,15.0,119.3,1,0,0,1,1,3,MODERATE ⭐⭐,40,15,1.0,2026-03-03
MRPL,MRPL.NS,,,Mid,Energy,15.18,,81.27,13.0,370.5,1,0,0,1,1,3,MODERATE ⭐⭐,40,15,1.0,2026-03-03
MSUMI,MSUMI.NS,,,Mid,Consumer Cyclical,44.95,,13.72,25.6,7.8,0,0,0,1,0,1,SOFT ⭐,40,15,1.0,2026-03-03
MUTHOOTFIN,MUTHOOTFIN.NS,,,Mid,Financial Services,16.0,26.69,384.6,76.5,97.5,1,1,0,1,1,4,MODERATE ⭐⭐,40,15,1.0,2026-03-03
NAM-INDIA,NAM-INDIA.NS,,,Mid,Financial Services,40.48,,1.94,29.4,35.8,0,0,0,1,1,2,SOFT ⭐,40,15,1.0,2026-03-03
NATCOPHARM,NATCOPHARM.NS,,,Mid,Healthcare,11.0,,3.01,36.3,13.9,1,0,0,1,1,3,MODERATE ⭐⭐,40,15,1.0,2026-03-03
NATIONALUM,NATIONALUM.NS,,,Mid,Basic Materials,10.85,,0.28,1.5,1.9,1,0,1,0,0,2,SOFT ⭐,40,15,1.0,2026-03-03
NAUKRI,NAUKRI.NS,,,Mid,Communication Services,48.07,,0.54,13.4,12.3,0,0,1,1,1,3,MODERATE ⭐⭐,40,15,1.0,2026-03-03
NAVA,NAVA.NS,,,Mid,Industrials,18.35,,15.99,17.6,-9.0,1,0,0,1,0,2,SOFT ⭐,40,15,1.0,2026-03-03
NAVINFLUOR,NAVINFLUOR.NS,,,Mid,Basic Materials,58.14,,32.68,47.2,114.5,0,0,0,1,1,2,SOFT ⭐,40,15,1.0,2026-03-03
NBCC,NBCC.NS,,,Mid,Industrials,36.93,,0.01,9.5,39.2,1,0,1,0,1,3,MODERATE ⭐⭐,40,15,1.0,2026-03-03
NCC,NCC.NS,,,Mid,Industrials,12.97,,37.89,-8.9,-36.7,1,0,0,0,0,1,SOFT ⭐,40,15,1.0,2026-03-03
NESTLEIND,NESTLEIND.NS,,,Mid,Consumer Defensive,75.77,,10.75,18.6,44.8,0,0,0,1,1,2,SOFT ⭐,40,15,1.0,2026-03-03
NETWEB,NETWEB.NS,,,Mid,Technology,156.26,,3.11,141.0,140.5,0,0,0,1,1,2,SOFT ⭐,40,15,1.0,2026-03-03
NEULANDLAB,NEULANDLAB.NS,,,Mid,Healthcare,93.46,,16.33,10.5,-60.1,0,0,0,1,0,1,SOFT ⭐,40,15,1.0,2026-03-03
NEWGEN,NEWGEN.NS,,,Mid,Technology,23.15,,3.25,5.0,-29.1,1,0,0,0,0,1,SOFT ⭐,40,15,1.0,2026-03-03
NH,NH.NS,,,Mid,Healthcare,46.73,,57.61,57.4,-34.3,0,0,0,1,0,1,SOFT ⭐,40,15,1.0,2026-03-03
NHPC,NHPC.NS,,,Mid,Utilities,46.88,,100.41,-2.9,-4.3,0,0,0,0,0,0,AVOID ❌,40,15,1.0,2026-03-03
NIACL,NIACL.NS,,,Mid,Financial Services,19.69,,,12.7,9.0,1,0,0,1,0,2,SOFT ⭐,40,15,1.0,2026-03-03
NIVABUPA,NIVABUPA.NS,,,Mid,,,,,,,0,0,0,0,0,0,NO DATA ❓,0,0,0.0,2026-03-03
NLCINDIA,NLCINDIA.NS,,,Mid,Utilities,13.14,,104.68,0.7,4.0,1,0,0,0,0,1,SOFT ⭐,40,15,1.0,2026-03-03
NMDC,NMDC.NS,,,Mid,Basic Materials,10.35,,11.21,15.9,-6.5,1,0,0,1,0,2,SOFT ⭐,40,15,1.0,2026-03-03
NSLNISP,NSLNISP.NS,,,Mid,Basic Materials,,,40.77,41.9,,0,0,0,1,0,1,SOFT ⭐,40,15,1.0,2026-03-03
NTPC,NTPC.NS,,,Mid,Utilities,20.88,,127.75,1.8,1.6,1,0,0,0,0,1,SOFT ⭐,40,15,1.0,2026-03-03
NTPCGREEN,NTPCGREEN.NS,,,Mid,Utilities,127.14,,115.84,29.3,-75.0,0,0,0,1,0,1,SOFT ⭐,40,15,1.0,2026-03-03
NUVAMA,NUVAMA.NS,,,Mid,Financial Services,21.83,,237.58,6.8,-0.7,1,0,0,0,0,1,SOFT ⭐,40,15,1.0,2026-03-03
NUVOCO,NUVOCO.NS,,,Mid,Basic Materials,29.5,,63.21,12.1,,1,0,0,1,0,2,SOFT ⭐,40,15,1.0,2026-03-03
NYKAA,NYKAA.NS,,,Mid,Consumer Cyclical,528.78,,97.75,26.7,144.4,0,0,0,1,1,2,SOFT ⭐,40,15,1.0,2026-03-03
OBEROIRLTY,OBEROIRLTY.NS,,,Mid,Real Estate,24.21,,18.08,5.8,0.6,1,0,0,0,0,1,SOFT ⭐,40,15,1.0,2026-03-03
OFSS,OFSS.NS,,,Mid,Technology,24.51,33.51,0.46,14.6,12.6,1,1,1,1,1,5,STRICT ⭐⭐⭐,40,15,1.0,2026-03-03
OIL,OIL.NS,,,Mid,Energy,13.63,,58.17,-0.1,-10.7,1,0,0,0,0,1,SOFT ⭐,40,15,1.0,2026-03-03
OLAELEC,OLAELEC.NS,,,Mid,Consumer Cyclical,,,71.88,-55.0,,0,0,0,0,0,0,AVOID ❌,40,15,1.0,2026-03-03
OLECTRA,OLECTRA.NS,,,Mid,Industrials,54.07,,32.54,28.8,0.2,0,0,0,1,0,1,SOFT ⭐,40,15,1.0,2026-03-03
ONESOURCE,ONESOURCE.NS,,,Mid,Healthcare,770.29,,21.93,-26.0,,0,0,0,0,0,0,AVOID ❌,40,15,1.0,2026-03-03
ONGC,ONGC.NS,,,Mid,Energy,9.33,,43.8,0.8,16.2,1,0,0,0,1,2,SOFT ⭐,40,15,1.0,2026-03-03
PAGEIND,PAGEIND.NS,,,Mid,Consumer Cyclical,46.51,,19.03,5.6,-7.4,0,0,0,0,0,0,AVOID ❌,40,15,1.0,2026-03-03
PATANJALI,PATANJALI.NS,,,Mid,Consumer Defensive,33.12,,23.9,15.2,59.7,1,0,0,1,1,3,MODERATE ⭐⭐,40,15,1.0,2026-03-03
PAYTM,PAYTM.NS,,,Mid,Technology,,,1.04,20.0,,0,0,0,1,0,1,SOFT ⭐,40,15,1.0,2026-03-03
PCBL,PCBL.NS,,,Mid,Basic Materials,43.65,,135.22,-8.2,-98.0,0,0,0,0,0,0,AVOID ❌,40,15,1.0,2026-03-03
PERSISTENT,PERSISTENT.NS,,,Mid,Technology,42.19,24.97,5.54,23.4,16.8,0,1,0,1,1,3,MODERATE ⭐⭐,40,15,1.0,2026-03-03
PETRONET,PETRONET.NS,,,Mid,Energy,12.74,,11.87,-8.7,-3.5,1,0,0,0,0,1,SOFT ⭐,40,15,1.0,2026-03-03
PFC,PFC.NS,,,Mid,Financial Services,5.32,,603.34,11.5,8.0,1,0,0,1,0,2,SOFT ⭐,40,15,1.0,2026-03-03
PFIZER,PFIZER.NS,,,Mid,Healthcare,26.32,,2.33,19.9,11.2,1,0,0,1,1,3,MODERATE ⭐⭐,40,15,1.0,2026-03-03
PGEL,PGEL.NS,,,Mid,Technology,62.86,,20.35,45.9,47.6,0,0,0,1,1,2,SOFT ⭐,40,15,1.0,2026-03-03
PGHH,PGHH.NS,,,Mid,Consumer Defensive,50.76,,0.22,1.1,12.2,0,0,1,0,1,2,SOFT ⭐,40,15,1.0,2026-03-03
PHOENIXLTD,PHOENIXLTD.NS,,,Mid,Real Estate,54.05,,33.66,15.0,4.2,0,0,0,1,0,1,SOFT ⭐,40,15,1.0,2026-03-03
PIDILITIND,PIDILITIND.NS,,,Mid,Basic Materials,65.37,,4.54,10.1,11.8,0,0,0,1,1,2,SOFT ⭐,40,15,1.0,2026-03-03
PIIND,PIIND.NS,,,Mid,Basic Materials,32.36,,2.24,-27.6,-16.4,1,0,0,0,0,1,SOFT ⭐,40,15,1.0,2026-03-03
PNB,PNB.NS,,,Mid,Financial Services,8.14,12.71,,-2.3,15.6,1,0,0,0,1,2,SOFT ⭐,40,15,1.0,2026-03-03
PNBHOUSING,PNBHOUSING.NS,,,Mid,Financial Services,9.71,,261.91,10.6,7.6,1,0,0,1,0,2,SOFT ⭐,40,15,1.0,2026-03-03
POLICYBZR,POLICYBZR.NS,,,Mid,Financial Services,117.61,,4.86,37.1,163.2,0,0,0,1,1,2,SOFT ⭐,40,15,1.0,2026-03-03
POLYCAB,POLYCAB.NS,,,Mid,Industrials,49.26,25.96,2.09,46.1,35.9,0,1,0,1,1,3,MODERATE ⭐⭐,40,15,1.0,2026-03-03
POLYMED,POLYMED.NS,,,Mid,Healthcare,38.47,,8.17,16.4,-17.6,1,0,0,1,0,2,SOFT ⭐,40,15,1.0,2026-03-03
POONAWALLA,POONAWALLA.NS,,,Mid,Financial Services,98.97,,364.41,141.9,670.8,0,0,0,1,1,2,SOFT ⭐,40,15,1.0,2026-03-03
POWERGRID,POWERGRID.NS,,,Mid,Utilities,19.05,,141.19,10.3,8.4,1,0,0,1,0,2,SOFT ⭐,40,15,1.0,2026-03-03
POWERINDIA,POWERINDIA.NS,,,Mid,Industrials,133.33,,1.84,30.0,81.0,0,0,0,1,1,2,SOFT ⭐,40,15,1.0,2026-03-03
PPLPHARMA,PPLPHARMA.NS,,,Mid,Healthcare,,,60.08,-2.9,,0,0,0,0,0,0,AVOID ❌,40,15,1.0,2026-03-03
PRAJIND,PRAJIND.NS,,,Mid,Industrials,107.6,,16.12,-1.4,,0,0,0,0,0,0,AVOID ❌,40,15,1.0,2026-03-03
PREMIERENE,PREMIERENE.NS,,,Mid,Technology,25.44,,46.96,13.0,54.1,1,0,0,1,1,3,MODERATE ⭐⭐,40,15,1.0,2026-03-03
PRESTIGE,PRESTIGE.NS,,,Mid,Real Estate,61.35,6.32,89.29,134.1,1161.0,0,0,0,1,1,2,SOFT ⭐,40,15,1.0,2026-03-03
PTCIL,PTCIL.NS,,,Mid,Industrials,400.02,,12.65,132.4,28.8,0,0,0,1,1,2,SOFT ⭐,40,15,1.0,2026-03-03
PVRINOX,PVRINOX.NS,,,Mid,Communication Services,453.75,,105.06,9.5,165.0,0,0,0,0,1,1,SOFT ⭐,40,15,1.0,2026-03-03
RADICO,RADICO.NS,,,Mid,Consumer Defensive,67.57,,20.94,19.5,62.1,0,0,0,1,1,2,SOFT ⭐,40,15,1.0,2026-03-03
RAILTEL,RAILTEL.NS,,,Mid,Communication Services,29.68,,3.34,19.0,-4.4,1,0,0,1,0,2,SOFT ⭐,40,15,1.0,2026-03-03
RAINBOW,RAINBOW.NS,,,Mid,Healthcare,47.62,,53.24,11.9,5.6,0,0,0,1,0,1,SOFT ⭐,40,15,1.0,2026-03-03
RAMCOCEM,RAMCOCEM.NS,,,Mid,Basic Materials,45.24,,62.15,6.2,114.0,0,0,0,0,1,1,SOFT ⭐,40,15,1.0,2026-03-03
RBLBANK,RBLBANK.NS,,,Mid,Financial Services,26.52,,,40.8,367.9,1,0,0,1,1,3,MODERATE ⭐⭐,40,15,1.0,2026-03-03
RCF,RCF.NS,,,Mid,Basic Materials,21.43,,56.44,-6.2,1.4,1,0,0,0,0,1,SOFT ⭐,40,15,1.0,2026-03-03
RECLTD,RECLTD.NS,,,Mid,Financial Services,5.18,21.47,666.09,2.3,-0.6,1,1,0,0,0,2,SOFT ⭐,40,15,1.0,2026-03-03
REDINGTON,REDINGTON.NS,,,Mid,Technology,11.64,,27.76,15.7,8.8,1,0,0,1,0,2,SOFT ⭐,40,15,1.0,2026-03-03
RELIANCE,RELIANCE.NS,,,Mid,Energy,22.07,,35.65,10.4,0.6,1,0,0,1,0,2,SOFT ⭐,40,15,1.0,2026-03-03
RELINFRA,RELINFRA.NS,,,Mid,Utilities,0.55,,,9.6,,1,0,0,0,0,1,SOFT ⭐,40,15,1.0,2026-03-03
RHIM,RHIM.NS,,,Mid,Industrials,50.23,,10.31,8.2,30.0,0,0,0,0,1,1,SOFT ⭐,40,15,1.0,2026-03-03
RITES,RITES.NS,,,Mid,Industrials,23.74,,0.28,5.7,1.9,1,0,1,0,0,2,SOFT ⭐,40,15,1.0,2026-03-03
RKFORGE,RKFORGE.NS,,,Mid,Industrials,46.73,,88.73,2.3,-86.4,0,0,0,0,0,0,AVOID ❌,40,15,1.0,2026-03-03
RPOWER,RPOWER.NS,,,Mid,Utilities,33.3,,92.22,1.1,-38.1,1,0,0,0,0,1,SOFT ⭐,40,15,1.0,2026-03-03
RRKABEL,RRKABEL.NS,,,Mid,Industrials,38.17,,16.78,42.3,72.2,1,0,0,1,1,3,MODERATE ⭐⭐,40,15,1.0,2026-03-03
RVNL,RVNL.NS,,,Mid,Industrials,54.35,,52.11,2.6,4.0,0,0,0,0,0,0,AVOID ❌,40,15,1.0,2026-03-03
SAGILITY,SAGILITY.NS,,,Mid,Healthcare,21.46,,13.85,35.7,23.9,1,0,0,1,1,3,MODERATE ⭐⭐,40,15,1.0,2026-03-03
SAIL,SAIL.NS,,,Mid,Basic Materials,24.5,,57.76,11.8,167.6,1,0,0,1,1,3,MODERATE ⭐⭐,40,15,1.0,2026-03-03
SAILIFE,SAILIFE.NS,,,Mid,Healthcare,62.9,,18.4,26.5,65.8,0,0,0,1,1,2,SOFT ⭐,40,15,1.0,2026-03-03
SAMMAANCAP,SAMMAANCAP.NS,,,Mid,Financial Services,7.94,,203.54,-11.2,-7.7,1,0,0,0,0,1,SOFT ⭐,40,15,1.0,2026-03-03
SAPPHIRE,SAPPHIRE.NS,,,Mid,Consumer Cyclical,,,99.23,7.6,,0,0,0,0,0,0,AVOID ❌,40,15,1.0,2026-03-03
SARDAEN,SARDAEN.NS,,,Mid,Basic Materials,18.18,,37.71,-3.3,-3.6,1,0,0,0,0,1,SOFT ⭐,40,15,1.0,2026-03-03
SAREGAMA,SAREGAMA.NS,,,Mid,Communication Services,33.01,,0.18,-46.1,-17.3,1,0,1,0,0,2,SOFT ⭐,40,15,1.0,2026-03-03
SBFC,SBFC.NS,,,Mid,Financial Services,24.49,,179.82,23.4,32.5,1,0,0,1,1,3,MODERATE ⭐⭐,40,15,1.0,2026-03-03
SBICARD,SBICARD.NS,,,Mid,Financial Services,34.01,,332.84,26.0,45.2,1,0,0,1,1,3,MODERATE ⭐⭐,40,15,1.0,2026-03-03
SBILIFE,SBILIFE.NS,,,Mid,Financial Services,81.98,13.92,,144.5,4.7,0,0,0,1,0,1,SOFT ⭐,40,15,1.0,2026-03-03
SBIN,SBIN.NS,,,Mid,Financial Services,12.95,,,14.5,9.3,1,0,0,1,0,2,SOFT ⭐,40,15,1.0,2026-03-03
SCHAEFFLER,SCHAEFFLER.NS,,,Mid,Consumer Cyclical,63.29,20.21,0.9,27.5,35.5,0,1,1,1,1,4,MODERATE ⭐⭐,40,15,1.0,2026-03-03
SCHNEIDER,SCHNEIDER.NS,,,Mid,Industrials,85.44,,80.08,20.1,-12.1,0,0,0,1,0,1,SOFT ⭐,40,15,1.0,2026-03-03
SCI,SCI.NS,,,Mid,Industrials,10.53,,32.95,22.5,436.4,1,0,0,1,1,3,MODERATE ⭐⭐,40,15,1.0,2026-03-03
SHREECEM,SHREECEM.NS,,,Mid,Basic Materials,52.63,,9.53,5.0,37.9,0,0,0,0,1,1,SOFT ⭐,40,15,1.0,2026-03-03
SHRIRAMFIN,SHRIRAMFIN.NS,,,Mid,Financial Services,21.64,,279.08,21.4,-22.1,1,0,0,1,0,2,SOFT ⭐,40,15,1.0,2026-03-03
SHYAMMETL,SHYAMMETL.NS,,,Mid,Basic Materials,24.15,,9.43,17.8,0.0,1,0,0,1,0,2,SOFT ⭐,40,15,1.0,2026-03-03
SIEMENS,SIEMENS.NS,,,Mid,Industrials,70.42,11.81,,14.0,-54.8,0,0,0,1,0,1,SOFT ⭐,40,15,1.0,2026-03-03
SIGNATURE,SIGNATURE.NS,,,Mid,Real Estate,5056.32,,356.19,-65.6,,0,0,0,0,0,0,AVOID ❌,40,15,1.0,2026-03-03
SJVN,SJVN.NS,,,Mid,Utilities,42.83,,202.56,61.3,50.0,0,0,0,1,1,2,SOFT ⭐,40,15,1.0,2026-03-03
SOBHA,SOBHA.NS,,,Mid,Real Estate,102.07,,23.04,-23.0,-31.4,0,0,0,0,0,0,AVOID ❌,40,15,1.0,2026-03-03
SOLARINDS,SOLARINDS.NS,,,Mid,Basic Materials,86.96,,16.43,29.2,41.7,0,0,0,1,1,2,SOFT ⭐,40,15,1.0,2026-03-03
SONACOMS,SONACOMS.NS,,,Mid,Consumer Cyclical,52.35,,3.6,38.2,0.0,0,0,0,1,0,1,SOFT ⭐,40,15,1.0,2026-03-03
SONATSOFTW,SONATSOFTW.NS,,,Mid,Technology,16.37,,41.7,8.4,-0.5,1,0,0,0,0,1,SOFT ⭐,40,15,1.0,2026-03-03
SRF,SRF.NS,,,Mid,Industrials,42.19,,34.72,6.3,59.6,0,0,0,0,1,1,SOFT ⭐,40,15,1.0,2026-03-03
STARHEALTH,STARHEALTH.NS,,,Mid,Financial Services,60.94,,6.18,10.2,-39.8,0,0,0,1,0,1,SOFT ⭐,40,15,1.0,2026-03-03
SUMICHEM,SUMICHEM.NS,,,Mid,Basic Materials,37.32,,1.82,-11.5,-12.6,1,0,0,0,0,1,SOFT ⭐,40,15,1.0,2026-03-03
SUNDARMFIN,SUNDARMFIN.NS,,,Mid,Financial Services,28.41,,377.04,18.6,18.8,1,0,0,1,1,3,MODERATE ⭐⭐,40,15,1.0,2026-03-03
SUNDRMFAST,SUNDRMFAST.NS,,,Mid,Consumer Cyclical,32.15,,18.19,6.9,0.0,1,0,0,0,0,1,SOFT ⭐,40,15,1.0,2026-03-03
SUNPHARMA,SUNPHARMA.NS,,,Mid,Healthcare,38.46,,6.67,13.5,15.7,1,0,0,1,1,3,MODERATE ⭐⭐,40,15,1.0,2026-03-03
SUNTV,SUNTV.NS,,,Mid,Communication Services,15.6,,1.18,4.2,-10.7,1,0,0,0,0,1,SOFT ⭐,40,15,1.0,2026-03-03
SUPREMEIND,SUPREMEIND.NS,,,Mid,Industrials,61.73,,5.63,7.1,-18.0,0,0,0,0,0,0,AVOID ❌,40,15,1.0,2026-03-03
SUZLON,SUZLON.NS,,,Mid,Industrials,17.35,,5.05,42.4,14.3,1,0,0,1,1,3,MODERATE ⭐⭐,40,15,1.0,2026-03-03
SWANCORP,SWANCORP.NS,,,Mid,Industrials,,,28.23,-39.7,,0,0,0,0,0,0,AVOID ❌,40,15,1.0,2026-03-03
SWIGGY,SWIGGY.NS,,,Mid,Consumer Cyclical,,,25.43,54.0,,0,0,0,1,0,1,SOFT ⭐,40,15,1.0,2026-03-03
SYNGENE,SYNGENE.NS,,,Mid,Healthcare,47.17,,12.28,-2.8,-87.4,0,0,0,0,0,0,AVOID ❌,40,15,1.0,2026-03-03
SYRMA,SYRMA.NS,,,Mid,Technology,51.04,,11.48,45.4,94.5,0,0,0,1,1,2,SOFT ⭐,40,15,1.0,2026-03-03
TARIL,TARIL.NS,,,Mid,Industrials,33.91,,26.72,31.7,34.1,1,0,0,1,1,3,MODERATE ⭐⭐,40,15,1.0,2026-03-03
TATACHEM,TATACHEM.NS,,,Mid,Basic Materials,111.18,,32.12,-1.1,,0,0,0,0,0,0,AVOID ❌,40,15,1.0,2026-03-03
TATACOMM,TATACOMM.NS,,,Mid,Communication Services,28.57,,467.53,6.7,54.6,1,0,0,0,1,2,SOFT ⭐,40,15,1.0,2026-03-03
TATACONSUM,TATACONSUM.NS,,,Mid,Consumer Defensive,75.77,,11.87,15.0,37.6,0,0,0,1,1,2,SOFT ⭐,40,15,1.0,2026-03-03
TATAELXSI,TATAELXSI.NS,,,Mid,Technology,47.85,,6.26,1.5,-45.3,0,0,0,0,0,0,AVOID ❌,40,15,1.0,2026-03-03
TATAINVEST,TATAINVEST.NS,,,Mid,Financial Services,79.33,,,1500.0,284.0,0,0,0,1,1,2,SOFT ⭐,40,15,1.0,2026-03-03
TATAPOWER,TATAPOWER.NS,,,Mid,Utilities,31.06,,156.16,-9.4,-25.2,1,0,0,0,0,1,SOFT ⭐,40,15,1.0,2026-03-03
TATASTEEL,TATASTEEL.NS,,,Mid,Basic Materials,0.33,,99.7,6.3,730.8,1,0,0,0,1,2,SOFT ⭐,40,15,1.0,2026-03-03
TATATECH,TATATECH.NS,,,Mid,Technology,44.44,,6.92,3.7,-96.1,0,0,0,0,0,0,AVOID ❌,40,15,1.0,2026-03-03
TBOTEK,TBOTEK.NS,,,Mid,Consumer Cyclical,52.09,,51.85,85.8,7.5,0,0,0,1,0,1,SOFT ⭐,40,15,1.0,2026-03-03
TCS,TCS.NS,,,Mid,Technology,19.8,42.63,9.44,4.9,-13.9,1,1,0,0,0,2,SOFT ⭐,40,15,1.0,2026-03-03
TECHM,TECHM.NS,,,Mid,Technology,25.84,,6.99,8.3,14.1,1,0,0,0,1,2,SOFT ⭐,40,15,1.0,2026-03-03
TECHNOE,TECHNOE.NS,,,Mid,Industrials,28.41,,1.57,37.1,24.2,1,0,0,1,1,3,MODERATE ⭐⭐,40,15,1.0,2026-03-03
TEJASNET,TEJASNET.NS,,,Mid,Technology,,,129.36,-88.4,,0,0,0,0,0,0,AVOID ❌,40,15,1.0,2026-03-03
THELEELA,THELEELA.NS,,,Mid,Consumer Cyclical,38.01,,27.67,23.5,644.3,1,0,0,1,1,3,MODERATE ⭐⭐,40,15,1.0,2026-03-03
THERMAX,THERMAX.NS,,,Mid,Industrials,51.28,,35.78,5.1,76.1,0,0,0,0,1,1,SOFT ⭐,40,15,1.0,2026-03-03
TIINDIA,TIINDIA.NS,,,Mid,Industrials,91.74,,27.72,20.7,-14.2,0,0,0,1,0,1,SOFT ⭐,40,15,1.0,2026-03-03
TIMKEN,TIMKEN.NS,,,Mid,Industrials,58.83,,0.55,16.1,-26.6,0,0,1,1,0,2,SOFT ⭐,40,15,1.0,2026-03-03
TITAGARH,TITAGARH.NS,,,Mid,Industrials,49.99,,25.09,-7.8,-23.2,0,0,0,0,0,0,AVOID ❌,40,15,1.0,2026-03-03
TITAN,TITAN.NS,,,Mid,Consumer Cyclical,79.36,,223.02,43.3,60.8,0,0,0,1,1,2,SOFT ⭐,40,15,1.0,2026-03-03
TMPV,TMPV.NS,,,Mid,Consumer Cyclical,34.83,,56.13,-38.3,,1,0,0,0,0,1,SOFT ⭐,40,15,1.0,2026-03-03
TORNTPHARM,TORNTPHARM.NS,,,Mid,Healthcare,64.93,,33.4,17.6,26.1,0,0,0,1,1,2,SOFT ⭐,40,15,1.0,2026-03-03
TORNTPOWER,TORNTPOWER.NS,,,Mid,Utilities,24.69,,53.72,4.3,30.7,1,0,0,0,1,2,SOFT ⭐,40,15,1.0,2026-03-03
TRENT,TRENT.NS,,,Mid,Consumer Cyclical,83.34,,37.79,14.8,3.1,0,0,0,1,0,1,SOFT ⭐,40,15,1.0,2026-03-03
TRIDENT,TRIDENT.NS,,,Mid,Consumer Cyclical,30.55,,34.74,-5.6,-40.0,1,0,0,0,0,1,SOFT ⭐,40,15,1.0,2026-03-03
TRITURBINE,TRITURBINE.NS,,,Mid,Industrials,43.28,,2.95,24.0,-1.0,0,0,0,1,0,1,SOFT ⭐,40,15,1.0,2026-03-03
TRIVENI,TRIVENI.NS,,,Mid,Consumer Defensive,28.24,,24.55,16.5,97.9,1,0,0,1,1,3,MODERATE ⭐⭐,40,15,1.0,2026-03-03
TTML,TTML.NS,,,Mid,Communication Services,,,,-11.6,,0,0,0,0,0,0,AVOID ❌,40,15,1.0,2026-03-03
TVSMOTOR,TVSMOTOR.NS,,,Mid,Consumer Cyclical,82.64,,346.08,31.7,48.7,0,0,0,1,1,2,SOFT ⭐,40,15,1.0,2026-03-03
UBL,UBL.NS,,,Mid,Consumer Defensive,103.11,,17.86,3.6,111.0,0,0,0,0,1,1,SOFT ⭐,40,15,1.0,2026-03-03
UCOBANK,UCOBANK.NS,,,Mid,Financial Services,13.88,8.57,,0.5,9.3,1,0,0,0,0,1,SOFT ⭐,40,15,1.0,2026-03-03
ULTRACEMCO,ULTRACEMCO.NS,,,Mid,Basic Materials,48.08,,33.19,27.0,15.1,0,0,0,1,1,2,SOFT ⭐,40,15,1.0,2026-03-03
UNIONBANK,UNIONBANK.NS,,,Mid,Financial Services,7.99,15.56,,15.8,9.7,1,1,0,1,0,3,MODERATE ⭐⭐,40,15,1.0,2026-03-03
UNITDSPR,UNITDSPR.NS,,,Mid,Consumer Defensive,56.49,,4.9,7.6,24.6,0,0,0,0,1,1,SOFT ⭐,40,15,1.0,2026-03-03
UNOMINDA,UNOMINDA.NS,,,Mid,Consumer Cyclical,57.8,,43.14,19.9,18.6,0,0,0,1,1,2,SOFT ⭐,40,15,1.0,2026-03-03
UPL,UPL.NS,,,Mid,Basic Materials,29.76,,79.61,12.5,-51.7,1,0,0,1,0,2,SOFT ⭐,40,15,1.0,2026-03-03
USHAMART,USHAMART.NS,,,Mid,Basic Materials,29.33,,8.91,6.6,16.1,1,0,0,0,1,2,SOFT ⭐,40,15,1.0,2026-03-03
UTIAMC,UTIAMC.NS,,,Mid,Financial Services,22.27,,3.02,23.8,-20.0,1,0,0,1,0,2,SOFT ⭐,40,15,1.0,2026-03-03
VBL,VBL.NS,,,Mid,Consumer Defensive,49.48,16.79,12.71,14.0,33.3,0,1,0,1,1,3,MODERATE ⭐⭐,40,15,1.0,2026-03-03
VEDL,VEDL.NS,,,Mid,Basic Materials,20.08,,190.25,-40.4,60.9,1,0,0,0,1,2,SOFT ⭐,40,15,1.0,2026-03-03
VENTIVE,VENTIVE.NS,,,Mid,Consumer Cyclical,45.25,,42.18,28.4,371.7,0,0,0,1,1,2,SOFT ⭐,40,15,1.0,2026-03-03
VGUARD,VGUARD.NS,,,Mid,Industrials,47.65,,6.88,10.6,-5.1,0,0,0,1,0,1,SOFT ⭐,40,15,1.0,2026-03-03
VIJAYA,VIJAYA.NS,,,Mid,Healthcare,63.29,,42.22,21.4,22.5,0,0,0,1,1,2,SOFT ⭐,40,15,1.0,2026-03-03
VMM,VMM.NS,,,Mid,Consumer Cyclical,70.62,,27.12,17.0,15.8,0,0,0,1,1,2,SOFT ⭐,40,15,1.0,2026-03-03
VOLTAS,VOLTAS.NS,,,Mid,Consumer Cyclical,99.02,,27.45,-1.1,-35.6,0,0,0,0,0,0,AVOID ❌,40,15,1.0,2026-03-03
VTL,VTL.NS,,,Mid,Consumer Cyclical,19.53,,14.46,1.6,-20.9,1,0,0,0,0,1,SOFT ⭐,40,15,1.0,2026-03-03
WAAREEENER,WAAREEENER.NS,,,Mid,Technology,23.31,,25.13,118.8,101.3,1,0,0,1,1,3,MODERATE ⭐⭐,40,15,1.0,2026-03-03
WELCORP,WELCORP.NS,,,Mid,Basic Materials,11.1,,18.26,25.4,-33.0,1,0,0,1,0,2,SOFT ⭐,40,15,1.0,2026-03-03
WELSPUNLIV,WELSPUNLIV.NS,,,Mid,Consumer Cyclical,50.76,,54.98,-9.1,-99.8,0,0,0,0,0,0,AVOID ❌,40,15,1.0,2026-03-03
WHIRLPOOL,WHIRLPOOL.NS,,,Mid,Consumer Cyclical,34.85,,6.33,4.0,-39.6,1,0,0,0,0,1,SOFT ⭐,40,15,1.0,2026-03-03
WIPRO,WIPRO.NS,,,Mid,Technology,15.72,15.2,22.03,5.5,-7.2,1,1,0,0,0,2,SOFT ⭐,40,15,1.0,2026-03-03
WOCKPHARMA,WOCKPHARMA.NS,,,Mid,Healthcare,1000.0,,50.37,23.2,296.7,0,0,0,1,1,2,SOFT ⭐,40,15,1.0,2026-03-03
YESBANK,YESBANK.NS,,,Mid,Financial Services,19.98,6.53,,17.4,50.0,1,0,0,1,1,3,MODERATE ⭐⭐,40,15,1.0,2026-03-03
ZEEL,ZEEL.NS,,,Mid,Communication Services,14.32,,2.46,14.2,-4.7,1,0,0,1,0,2,SOFT ⭐,40,15,1.0,2026-03-03
ZENSARTECH,ZENSARTECH.NS,,,Mid,Technology,17.64,,2.74,7.9,24.2,1,0,0,0,1,2,SOFT ⭐,40,15,1.0,2026-03-03
ZENTEC,ZENTEC.NS,,,Mid,Industrials,45.87,,0.98,16.8,37.8,0,0,1,1,1,3,MODERATE ⭐⭐,40,15,1.0,2026-03-03
ZFCVINDIA,ZFCVINDIA.NS,,,Mid,Consumer Cyclical,55.87,,1.81,11.7,11.7,0,0,0,1,1,2,SOFT ⭐,40,15,1.0,2026-03-03
ZYDUSLIFE,ZYDUSLIFE.NS,,,Mid,Healthcare,18.49,,34.3,30.3,1.9,1,0,0,1,0,2,SOFT ⭐,40,15,1.0,2026-03-03
