Symbol,Ticker,Company Name,Index Category,Cap Type,Sector,Industry,Market Cap (Cr),Last Close,PE Ratio,Book Value,Dividend Yield %,ROE %,Debt/Equity,52W High,52W Low
360ONE,360ONE.NS,360 One Wam Limited,Nifty Midcap 150,Mid,Financial Services,Asset Management,43606.0,1103.6,37.74,231.14,112.0,0.0,147.24,1273.8,790.5
3MINDIA,3MINDIA.NS,3M India Limited,Nifty Midcap 150,Mid,Industrials,Conglomerates,40188.0,37505.0,106.38,1429.57,45.0,0.0,6.42,38030.0,25730.0
AADHARHFC,AADHARHFC.NS,Aadhar Housing Finance Ltd.,Nifty Smallcap 250,Small,Financial Services,Mortgage Finance,19634.0,458.95,19.42,159.38,0.0,0.0,255.35,547.8,367.1
AARTIIND,AARTIIND.NS,Aarti Industries Limited,Nifty Smallcap 250,Small,Basic Materials,Specialty Chemicals,15722.0,447.15,41.67,156.81,23.0,0.0,69.56,495.0,338.05
AAVAS,AAVAS.NS,Aavas Financiers Limited,Nifty Smallcap 250,Small,Financial Services,Mortgage Finance,9821.0,1285.6,15.82,591.21,0.0,0.0,307.97,2234.0,1222.0
ABB,ABB.NS,ABB India Limited,Nifty Next 50,Large,Industrials,Specialty Industrial Machinery,126792.0,6073.0,75.75,369.85,66.0,22.39,1.08,6260.0,4637.5
ABBOTINDIA,ABBOTINDIA.NS,Abbott India Limited,Nifty Midcap 150,Mid,Healthcare,Drug Manufacturers - Specialty & Generic,56959.0,26530.0,37.31,1887.48,177.0,0.0,4.55,37000.0,26000.0
ABCAPITAL,ABCAPITAL.NS,Aditya Birla Capital Limited,Nifty Midcap 150,Mid,Financial Services,Financial Conglomerates,88519.0,344.45,25.52,123.04,0.0,0.0,459.78,369.3,149.85
ABFRL,ABFRL.NS,Aditya Birla Fashion and Retail Limited,Nifty Smallcap 250,Small,Consumer Cyclical,Apparel Manufacturing,8021.0,66.93,0.0,51.53,0.0,0.0,84.68,295.7,59.8
ABLBL,ABLBL.NS,Aditya Birla Lifestyle Brands Ltd.,Nifty Smallcap 250,Small,Consumer Cyclical,Apparel Retail,12260.0,102.08,0.0,10.62,0.0,0.0,266.81,175.0,97.3
ABREL,ABREL.NS,Aditya Birla Real Estate Limited,Nifty Smallcap 250,Small,Real Estate,Real Estate Services,13885.0,1290.2,0.0,343.37,16.0,0.0,144.58,2537.9,1186.0
ABSLAMC,ABSLAMC.NS,Aditya Birla Sun Life AMC Limited,Nifty Smallcap 250,Small,Financial Services,Asset Management,25309.0,893.6,24.94,123.47,274.0,0.0,1.93,934.6,556.45
ACC,ACC.NS,ACC Limited,Nifty Midcap 150,Mid,Basic Materials,Building Materials,29167.0,1592.4,11.04,1061.47,48.0,0.0,2.44,2119.9,1546.1
ACE,ACE.NS,Action Construction Equipment Limited,Nifty Smallcap 250,Small,Industrials,Farm & Heavy Construction Machinery,10319.0,884.7,24.39,149.85,23.0,0.0,8.01,1389.0,775.45
ACMESOLAR,ACMESOLAR.NS,ACME Solar Holdings Ltd.,Nifty Smallcap 250,Small,Utilities,Utilities - Renewable,14076.0,236.0,29.0,78.98,9.0,0.0,271.78,324.3,172.63
ADANIENSOL,ADANIENSOL.NS,Adani Energy Solutions Limited,Nifty Next 50,Large,Utilities,Utilities - Independent Power Producers,117017.0,1011.55,52.36,194.44,0.0,0.0,186.65,1067.7,641.15
ADANIENT,ADANIENT.NS,Adani Enterprises Limited,Nifty 50,Large,Energy,Thermal Coal,274643.0,2161.8,19.19,445.61,6.0,0.0,177.77,2695.0,1848.0
ADANIGREEN,ADANIGREEN.NS,Adani Green Energy Limited,Nifty Next 50,Large,Utilities,Utilities - Renewable,148831.0,947.35,105.31,114.43,0.0,0.0,296.22,1177.55,765.0
ADANIPORTS,ADANIPORTS.NS,Adani Ports and Special Economic Zone Limited,Nifty 50,Large,Industrials,Marine Shipping,338751.0,1521.0,25.45,310.46,48.0,19.41,81.56,1584.0,1036.5
ADANIPOWER,ADANIPOWER.NS,Adani Power Limited,Nifty Next 50,Large,Utilities,Utilities - Independent Power Producers,266090.0,140.11,23.54,30.29,0.0,0.0,81.25,182.7,92.4
AEGISLOG,AEGISLOG.NS,Aegis Logistics Ltd.,Nifty Smallcap 250,Small,Energy,Oil & Gas Refining & Marketing,23793.0,688.45,30.87,169.35,118.0,0.0,28.45,946.5,639.1
AEGISVOPAK,AEGISVOPAK.NS,Aegis Vopak Terminals Ltd.,Nifty Smallcap 250,Small,Energy,Oil & Gas Equipment & Services,23991.0,228.07,171.85,43.08,0.0,0.0,42.27,302.0,198.0
AFCONS,AFCONS.NS,Afcons Infrastructure Ltd.,Nifty Smallcap 250,Small,Industrials,Engineering & Construction,10456.0,292.15,23.27,145.7,88.0,0.0,66.14,498.7,279.0
AFFLE,AFFLE.NS,Affle 3i Limited,Nifty Smallcap 250,Small,Communication Services,Advertising Agencies,19095.0,1377.2,43.48,232.18,0.0,0.0,1.18,2185.9,1246.0
AGARWALEYE,AGARWALEYE.NS,Dr. Agarwal's Health Care Ltd.,Nifty Smallcap 250,Small,Healthcare,Medical Instruments & Supplies,14199.0,451.7,112.33,61.13,0.0,0.0,48.68,568.0,327.0
AIAENG,AIAENG.NS,AIA Engineering Limited,Nifty Midcap 150,Mid,Industrials,Specialty Industrial Machinery,34892.0,3851.6,30.03,789.43,43.0,0.0,13.85,4206.1,3001.1
AIIL,AIIL.NS,Authum Investment & Infrastructure Limited,Nifty Smallcap 250,Small,Financial Services,Capital Markets,38585.0,481.85,10.62,191.73,4.0,0.0,20.29,683.0,280.98
AJANTPHARM,AJANTPHARM.NS,Ajanta Pharma Limited,Nifty Midcap 150,Mid,Healthcare,Drug Manufacturers - Specialty & Generic,37096.0,2993.9,36.5,345.45,189.0,0.0,5.7,3054.0,2327.3
AKUMS,AKUMS.NS,Akums Drugs and Pharmaceuticals Ltd.,Nifty Smallcap 250,Small,Healthcare,Drug Manufacturers - Specialty & Generic,7269.0,488.15,22.68,205.37,0.0,0.0,2.85,622.95,405.0
AKZOINDIA,AKZOINDIA.NS,Akzo Nobel India Limited,Nifty Smallcap 250,Small,Basic Materials,Specialty Chemicals,13174.0,2935.3,6.73,495.23,346.0,0.0,3.16,3915.5,2658.7
ALKEM,ALKEM.NS,Alkem Laboratories Limited,Nifty Midcap 150,Mid,Healthcare,Drug Manufacturers - Specialty & Generic,66550.0,5639.5,28.09,1116.26,92.0,0.0,17.06,5933.5,4523.05
ALKYLAMINE,ALKYLAMINE.NS,Alkyl Amines Chemicals Limited,Nifty Smallcap 250,Small,Basic Materials,Specialty Chemicals,7353.0,1484.3,40.81,274.26,70.0,0.0,0.0,2438.8,1412.0
ALOKINDS,ALOKINDS.NS,Alok Industries Limited,Nifty Smallcap 250,Small,Consumer Cyclical,Textile Manufacturing,6857.0,14.3,0.0,-42.71,0.0,0.0,0.0,23.5,13.61
AMBER,AMBER.NS,Amber Enterprises India Limited,Nifty Smallcap 250,Small,Consumer Cyclical,"Furnishings, Fixtures & Appliances",27731.0,7974.0,169.49,1037.87,0.0,0.0,74.27,8626.0,5400.5
AMBUJACEM,AMBUJACEM.NS,Ambuja Cements Limited,Nifty Next 50,Large,Basic Materials,Building Materials,121305.0,500.4,32.78,227.55,41.0,0.0,1.83,624.95,465.65
ANANDRATHI,ANANDRATHI.NS,Anand Rathi Wealth Limited,Nifty Smallcap 250,Small,Financial Services,Asset Management,26142.0,3075.9,70.93,97.9,41.0,0.0,9.91,3321.4,1594.0
ANANTRAJ,ANANTRAJ.NS,Anant Raj Limited,Nifty Smallcap 250,Small,Real Estate,Real Estate - Development,18331.0,529.8,33.56,128.17,14.0,0.0,12.73,743.65,376.15
ANGELONE,ANGELONE.NS,Angel One Limited,Nifty Smallcap 250,Small,Financial Services,Capital Markets,20574.0,233.2,27.63,64.19,314.0,0.0,76.35,328.5,194.1
APARINDS,APARINDS.NS,APAR Industries Limited,Nifty Midcap 150,Mid,Industrials,Electrical Equipment & Parts,42958.0,11180.5,44.25,1208.02,48.0,0.0,14.5,11648.0,4308.05
APLAPOLLO,APLAPOLLO.NS,APL Apollo Tubes Limited,Nifty Midcap 150,Mid,Basic Materials,Steel,61714.0,2234.6,54.06,165.87,26.0,0.0,15.53,2301.4,1365.0
APLLTD,APLLTD.NS,Alembic Pharmaceuticals Limited,Nifty Smallcap 250,Small,Healthcare,Drug Manufacturers - Specialty & Generic,13896.0,711.2,21.98,270.7,156.0,0.0,28.0,1107.9,691.25
APOLLOHOSP,APOLLOHOSP.NS,Apollo Hospitals Enterprise Limited,Nifty 50,Large,Healthcare,Medical Care Facilities,112030.0,7821.5,62.11,632.45,26.0,0.0,83.61,8099.5,6002.0
APOLLOTYRE,APOLLOTYRE.NS,Apollo Tyres Limited,Nifty Midcap 150,Mid,Consumer Cyclical,Auto Parts,27891.0,454.05,30.12,244.99,193.0,0.0,29.09,540.5,375.0
APTUS,APTUS.NS,Aptus Value Housing Finance India Limited,Nifty Smallcap 250,Small,Financial Services,Mortgage Finance,11945.0,244.0,13.42,93.33,189.0,0.0,157.02,364.0,234.4
ARE&M,ARE&M.NS,Amara Raja Energy & Mobility Limited,Nifty Smallcap 250,Small,Industrials,Electrical Equipment & Parts,15091.0,844.95,20.33,422.83,131.0,0.0,4.0,1109.0,793.4
ASAHIINDIA,ASAHIINDIA.NS,Asahi India Glass Limited,Nifty Smallcap 250,Small,Consumer Cyclical,Auto Parts,21690.0,900.7,69.91,145.28,24.0,0.0,77.14,1074.0,576.8
ASHOKLEY,ASHOKLEY.NS,Ashok Leyland Limited,Nifty Midcap 150,Mid,Industrials,Farm & Heavy Construction Machinery,122769.0,211.1,37.19,21.48,150.0,0.0,327.89,215.42,95.93
ASIANPAINT,ASIANPAINT.NS,Asian Paints Limited,Nifty 50,Large,Basic Materials,Specialty Chemicals,221157.0,2376.2,57.48,204.34,109.0,0.0,17.61,2985.7,2124.75
ASTERDM,ASTERDM.NS,Aster DM Healthcare Limited,Nifty Smallcap 250,Small,Healthcare,Medical Care Facilities,33330.0,654.6,101.03,87.77,78.0,0.0,43.79,732.2,387.1
ASTRAL,ASTRAL.NS,Astral Limited,Nifty Midcap 150,Mid,Industrials,Building Products & Equipment,44859.0,1667.9,89.29,140.62,22.0,0.0,6.77,1693.9,1232.3
ASTRAZEN,ASTRAZEN.NS,AstraZeneca Pharma India Limited,Nifty Smallcap 250,Small,Healthcare,Drug Manufacturers - Specialty & Generic,22002.0,8849.0,109.89,319.63,36.0,0.0,4.35,10691.0,6730.05
ATGL,ATGL.NS,Adani Total Gas Limited,Nifty Midcap 150,Mid,Utilities,Utilities - Regulated Gas,54233.0,512.0,84.68,41.09,5.0,0.0,44.51,798.0,483.0
ATHERENERG,ATHERENERG.NS,Ather Energy Limited,Nifty Smallcap 250,Small,Consumer Cyclical,Auto Manufacturers,26955.0,710.9,0.0,70.64,0.0,0.0,15.81,790.0,288.15
ATUL,ATUL.NS,Atul Ltd,Nifty Smallcap 250,Small,Basic Materials,Specialty Chemicals,19228.0,6674.0,32.36,2009.92,38.0,0.0,3.14,7788.0,4752.0
AUBANK,AUBANK.NS,AU Small Finance Bank Limited,Nifty Midcap 150,Mid,Financial Services,Banks - Regional,71076.0,958.35,30.86,245.58,11.0,0.0,0.0,1039.2,489.45
AUROPHARMA,AUROPHARMA.NS,Aurobindo Pharma Limited,Nifty Midcap 150,Mid,Healthcare,Drug Manufacturers - Specialty & Generic,70300.0,1220.4,20.16,603.39,33.0,0.0,22.25,1278.6,1010.0
AWL,AWL.NS,AWL Agri Business Limited,Nifty Midcap 150,Mid,Consumer Defensive,Packaged Foods,23372.0,189.1,24.77,76.5,0.0,0.0,11.06,291.2,179.06
AXISBANK,AXISBANK.NS,Axis Bank Limited,Nifty 50,Large,Financial Services,Banks - Regional,426289.0,1383.9,16.29,666.7,7.0,13.63,0.0,1418.3,998.6
BAJAJ-AUTO,BAJAJ-AUTO.NS,Bajaj Auto Limited,Nifty 50,Large,Consumer Cyclical,Auto Manufacturers,272997.0,9972.5,30.77,1223.78,215.0,0.0,57.26,10187.0,7089.35
BAJAJFINSV,BAJAJFINSV.NS,Bajaj Finserv Ltd.,Nifty 50,Large,Financial Services,Financial Conglomerates,310218.0,1993.4,32.47,480.6,5.0,0.0,237.54,2195.0,1733.0
BAJAJHFL,BAJAJHFL.NS,Bajaj Housing Finance Ltd.,Nifty Next 50,Large,Financial Services,Mortgage Finance,71027.0,87.04,28.71,25.36,0.0,0.0,443.87,136.96,82.5
BAJAJHLDNG,BAJAJHLDNG.NS,Bajaj Holdings & Investment Limited,Nifty Next 50,Large,Financial Services,Asset Management,119028.0,10804.0,13.55,6095.89,122.0,0.0,0.02,14763.0,10400.0
BAJFINANCE,BAJFINANCE.NS,Bajaj Finance Limited,Nifty 50,Large,Financial Services,Credit Services,608114.0,995.9,33.78,166.19,45.0,0.0,310.29,1102.5,821.12
BALKRISIND,BALKRISIND.NS,Balkrishna Industries Limited,Nifty Midcap 150,Mid,Consumer Cyclical,Auto Parts,44513.0,2383.9,33.9,539.96,69.0,0.0,35.27,2817.5,2152.05
BALRAMCHIN,BALRAMCHIN.NS,Balrampur Chini Mills Limited,Nifty Smallcap 250,Small,Consumer Defensive,Confectioners,9261.0,470.6,20.74,194.16,153.0,0.0,19.76,627.8,393.55
BANDHANBNK,BANDHANBNK.NS,Bandhan Bank Limited,Nifty Smallcap 250,Small,Financial Services,Banks - Regional,28621.0,181.98,28.43,153.4,84.0,0.0,0.0,192.48,134.25
BANKBARODA,BANKBARODA.NS,Bank of Baroda Limited,Nifty Next 50,Large,Financial Services,Banks - Regional,163001.0,321.95,8.38,317.69,265.0,12.81,0.0,325.5,190.7
BANKINDIA,BANKINDIA.NS,Bank of India Limited,Nifty Midcap 150,Mid,Financial Services,Banks - Regional,78442.0,176.05,7.99,189.86,235.0,12.05,0.0,178.36,92.66
BASF,BASF.NS,BASF India Limited,Nifty Smallcap 250,Small,Basic Materials,Specialty Chemicals,15537.0,3452.1,40.98,875.06,56.0,0.0,3.86,5424.0,3378.2
BATAINDIA,BATAINDIA.NS,Bata India Limited,Nifty Smallcap 250,Small,Consumer Cyclical,Footwear & Accessories,9890.0,789.0,55.56,118.5,247.0,0.0,90.39,1300.7,758.05
BAYERCROP,BAYERCROP.NS,Bayer CropScience Limited,Nifty Smallcap 250,Small,Basic Materials,Agricultural Inputs,20479.0,4672.4,30.49,695.07,274.0,0.0,3.27,6511.0,4273.0
BBTC,BBTC.NS,The Bombay Burmah Trading Corporation Limited,Nifty Smallcap 250,Small,Consumer Defensive,Packaged Foods,11472.0,1694.2,10.36,896.94,207.0,0.0,30.3,2155.0,1620.0
BDL,BDL.NS,Bharat Dynamics Limited,Nifty Midcap 150,Mid,Industrials,Aerospace & Defense,46480.0,1265.2,80.0,115.06,41.0,0.0,0.03,2096.6,958.75
BEL,BEL.NS,Bharat Electronics Limited,Nifty 50,Large,Industrials,Aerospace & Defense,331827.0,444.7,55.56,29.48,96.0,0.0,0.27,461.65,252.5
BEML,BEML.NS,BEML Limited,Nifty Smallcap 250,Small,Industrials,Conglomerates,13748.0,1681.0,55.25,336.14,79.0,0.0,23.79,2437.4,1182.2
BERGEPAINT,BERGEPAINT.NS,Berger Paints India Limited,Nifty Midcap 150,Mid,Basic Materials,Specialty Chemicals,52293.0,456.1,49.49,53.88,85.0,0.0,11.08,605.0,431.15
BHARATFORG,BHARATFORG.NS,Bharat Forge Limited,Nifty Midcap 150,Mid,Consumer Cyclical,Auto Parts,89847.0,1911.2,79.36,195.84,43.0,0.0,71.38,1929.5,919.1
BHARTIARTL,BHARTIARTL.NS,Bharti Airtel Limited,Nifty 50,Large,Communication Services,Telecom Services,1141055.0,1879.3,37.03,204.92,85.0,23.12,117.09,2174.5,1568.0
BHARTIHEXA,BHARTIHEXA.NS,Bharti Hexacom Ltd.,Nifty Midcap 150,Mid,Communication Services,Telecom Services,79765.0,1606.9,45.45,134.37,63.0,28.81,94.67,2052.9,1257.9
BHEL,BHEL.NS,Bharat Heavy Electricals Limited,Nifty Midcap 150,Mid,Industrials,Specialty Industrial Machinery,91282.0,264.95,112.51,70.29,19.0,0.0,44.96,305.9,180.8
BIKAJI,BIKAJI.NS,Bikaji Foods International Limited,Nifty Smallcap 250,Small,Consumer Defensive,Packaged Foods,15816.0,638.15,64.08,59.74,16.0,0.0,19.45,818.7,600.0
BIOCON,BIOCON.NS,Biocon Limited,Nifty Midcap 150,Mid,Healthcare,Biotechnology,62822.0,389.8,79.34,207.92,13.0,0.0,50.02,424.95,297.4
BLS,BLS.NS,BLS International Services Limited,Nifty Smallcap 250,Small,Industrials,Specialty Business Services,10978.0,278.7,17.06,51.78,113.0,0.0,16.55,428.6,245.95
BLUEDART,BLUEDART.NS,Blue Dart Express Limited,Nifty Smallcap 250,Small,Industrials,Integrated Freight & Logistics,13139.0,5682.5,51.82,687.57,45.0,0.0,66.24,7225.0,5190.5
BLUEJET,BLUEJET.NS,Blue Jet Healthcare Limited,Nifty Smallcap 250,Small,Healthcare,Biotechnology,6672.0,405.3,22.73,72.5,31.0,0.0,1.64,1027.8,352.55
BLUESTARCO,BLUESTARCO.NS,Blue Star Limited,Nifty Midcap 150,Mid,Industrials,Building Products & Equipment,39114.0,1941.2,79.37,150.85,47.0,0.0,33.08,2269.8,1521.0
BOSCHLTD,BOSCHLTD.NS,Bosch Limited,Nifty Next 50,Large,Consumer Cyclical,Auto Parts,104349.0,36425.0,37.88,4752.64,145.0,0.0,0.78,41945.0,25921.6
BPCL,BPCL.NS,Bharat Petroleum Corporation Limited,Nifty Next 50,Large,Energy,Oil & Gas Refining & Marketing,162607.0,385.4,6.51,219.84,467.0,0.0,56.39,391.65,236.1
BRIGADE,BRIGADE.NS,Brigade Enterprises Limited,Nifty Smallcap 250,Small,Real Estate,Real Estate - Development,16598.0,694.05,22.22,265.26,37.0,0.0,75.56,1332.0,668.15
BRITANNIA,BRITANNIA.NS,Britannia Industries Limited,Nifty Next 50,Large,Consumer Defensive,Packaged Foods,143533.0,6002.5,59.52,155.0,126.0,0.0,58.42,6336.0,4506.0
BSE,BSE.NS,BSE Limited,Nifty Midcap 150,Mid,Financial Services,Financial Data & Stock Exchanges,107364.0,2707.1,50.0,155.0,23.0,0.0,0.0,3227.0,1227.33
BSOFT,BSOFT.NS,Birlasoft Limited,Nifty Smallcap 250,Small,Technology,Information Technology Services,10749.0,390.1,23.1,132.61,169.0,0.0,4.09,474.0,331.0
CAMPUS,CAMPUS.NS,Campus Activewear Limited,Nifty Smallcap 250,Small,Consumer Cyclical,Footwear & Accessories,7641.0,259.55,54.36,26.1,24.0,0.0,48.01,304.4,210.0
CAMS,CAMS.NS,Computer Age Management Services Limited,Nifty Smallcap 250,Small,Technology,Information Technology Services,16145.0,677.6,34.96,49.18,189.0,0.0,6.39,875.0,615.44
CANBK,CANBK.NS,Canara Bank,Nifty Next 50,Large,Financial Services,Banks - Regional,139289.0,157.37,6.9,129.35,260.0,18.21,0.0,162.89,79.7
CANFINHOME,CANFINHOME.NS,Can Fin Homes Limited,Nifty Smallcap 250,Small,Financial Services,Mortgage Finance,10940.0,843.4,11.24,410.23,170.0,0.0,658.72,971.5,568.95
CAPLIPOINT,CAPLIPOINT.NS,Caplin Point Laboratories Limited,Nifty Smallcap 250,Small,Healthcare,Drug Manufacturers - Specialty & Generic,12737.0,1700.1,20.79,405.84,36.0,0.0,0.17,2395.0,1599.0
CARBORUNIV,CARBORUNIV.NS,Carborundum Universal Limited,Nifty Smallcap 250,Small,Industrials,Conglomerates,15370.0,823.25,62.51,198.03,50.0,0.0,7.95,1128.05,748.5
CASTROLIND,CASTROLIND.NS,Castrol India Limited,Nifty Smallcap 250,Small,Energy,Oil & Gas Refining & Marketing,18380.0,186.91,19.34,19.21,565.0,45.47,3.31,251.95,180.66
CCL,CCL.NS,CCL Products (India) Limited,Nifty Smallcap 250,Small,Consumer Defensive,Packaged Foods,13546.0,1014.95,36.1,156.63,76.0,0.0,77.99,1074.4,525.0
CDSL,CDSL.NS,Central Depository Services (India) Limited,Nifty Smallcap 250,Small,Financial Services,Capital Markets,25671.0,1272.2,53.75,83.38,102.0,0.0,0.14,1828.9,1047.45
CEATLTD,CEATLTD.NS,CEAT Limited,Nifty Smallcap 250,Small,Consumer Cyclical,Auto Parts,13957.0,3531.4,25.25,1130.57,87.0,0.0,67.99,4438.0,2343.05
CENTRALBK,CENTRALBK.NS,Central Bank of India,Nifty Smallcap 250,Small,Financial Services,Banks - Regional,35084.0,40.07,7.12,43.74,203.0,13.23,0.0,47.3,32.75
CENTURYPLY,CENTURYPLY.NS,Century Plyboards (India) Limited,Nifty Smallcap 250,Small,Basic Materials,Lumber & Wood Production,16213.0,735.05,68.52,111.01,14.0,0.0,66.14,859.0,650.0
CERA,CERA.NS,Cera Sanitaryware Limited,Nifty Smallcap 250,Small,Industrials,Building Products & Equipment,6169.0,4886.4,29.07,1062.65,136.0,0.0,4.35,7275.0,4729.0
CESC,CESC.NS,CESC Limited,Nifty Smallcap 250,Small,Utilities,Utilities - Regulated Electric,20346.0,158.15,13.79,96.0,391.0,0.0,141.11,185.26,129.05
CGCL,CGCL.NS,Capri Global Capital Limited,Nifty Smallcap 250,Small,Financial Services,Credit Services,15248.0,159.68,17.0,69.28,13.0,0.0,251.55,231.35,150.51
CGPOWER,CGPOWER.NS,CG Power and Industrial Solutions Limited,Nifty Next 50,Large,Industrials,Electrical Equipment & Parts,112126.0,725.2,99.01,47.36,18.0,0.0,1.52,797.55,517.7
CHALET,CHALET.NS,Chalet Hotels Limited,Nifty Smallcap 250,Small,Consumer Cyclical,Lodging,17191.0,808.1,28.33,156.15,25.0,0.0,72.88,1082.0,719.5
CHAMBLFERT,CHAMBLFERT.NS,Chambal Fertilisers and Chemicals Limited,Nifty Smallcap 250,Small,Basic Materials,Agricultural Inputs,17955.0,461.25,9.38,245.52,223.0,0.0,1.02,742.2,410.2
CHENNPETRO,CHENNPETRO.NS,Chennai Petroleum Corporation Limited,Nifty Smallcap 250,Small,Energy,Oil & Gas Refining & Marketing,13977.0,961.95,6.49,592.76,53.0,0.0,21.9,1103.0,439.45
CHOICEIN,CHOICEIN.NS,Choice International Limited,Nifty Smallcap 250,Small,Financial Services,Capital Markets,15816.0,736.85,65.79,59.6,0.0,0.0,35.61,860.5,462.4
CHOLAFIN,CHOLAFIN.NS,Cholamandalam Investment and Finance Company Limited,Nifty Next 50,Large,Financial Services,Credit Services,145102.0,1730.8,29.68,308.19,12.0,0.0,724.31,1831.5,1358.65
CHOLAHLDNG,CHOLAHLDNG.NS,Cholamandalam Financial Holdings Limited,Nifty Smallcap 250,Small,Financial Services,Credit Services,30082.0,1634.1,12.69,727.96,8.0,0.0,635.38,2231.6,1357.35
CIPLA,CIPLA.NS,Cipla Limited,Nifty 50,Large,Healthcare,Drug Manufacturers - Specialty & Generic,109180.0,1348.2,24.04,407.53,96.0,0.0,1.42,1673.0,1281.7
CLEAN,CLEAN.NS,Clean Science and Technology Limited,Nifty Smallcap 250,Small,Basic Materials,Specialty Chemicals,7902.0,735.15,32.16,141.24,81.0,0.0,0.14,1600.0,701.0
COALINDIA,COALINDIA.NS,Coal India Limited,Nifty 50,Large,Energy,Thermal Coal,262686.0,430.65,8.8,171.08,516.0,0.0,12.98,461.55,352.6
COCHINSHIP,COCHINSHIP.NS,Cochin Shipyard Limited,Nifty Midcap 150,Mid,Industrials,Aerospace & Defense,38128.0,1491.7,52.36,216.71,91.0,0.0,20.29,2545.0,1205.1
COFORGE,COFORGE.NS,Coforge Limited,Nifty Midcap 150,Mid,Technology,Information Technology Services,39056.0,1185.8,34.72,205.67,138.0,0.0,10.89,1994.0,1129.7
COHANCE,COHANCE.NS,Cohance Lifesciences Ltd.,Nifty Smallcap 250,Small,Healthcare,Drug Manufacturers - Specialty & Generic,11599.0,309.95,59.92,99.19,0.0,0.0,11.49,1123.4,295.0
COLPAL,COLPAL.NS,Colgate-Palmolive (India) Limited,Nifty Midcap 150,Mid,Consumer Defensive,Household & Personal Products,60242.0,2254.5,45.45,58.17,230.0,0.0,3.79,2747.4,2029.4
CONCOR,CONCOR.NS,Container Corporation of India Limited,Nifty Midcap 150,Mid,Industrials,Railroads,36481.0,495.65,28.56,167.9,284.0,0.0,7.02,652.04,472.75
CONCORDBIO,CONCORDBIO.NS,Concord Biotech Limited,Nifty Smallcap 250,Small,Healthcare,Biotechnology,12563.0,1220.6,40.33,173.32,89.0,0.0,0.09,2150.4,1068.6
COROMANDEL,COROMANDEL.NS,Coromandel International Limited,Nifty Midcap 150,Mid,Basic Materials,Agricultural Inputs,64437.0,2220.0,26.81,413.45,69.0,0.0,11.6,2718.9,1596.5
CRAFTSMAN,CRAFTSMAN.NS,Craftsman Automation Limited,Nifty Smallcap 250,Small,Consumer Cyclical,Auto Parts,18291.0,7526.0,54.64,1270.17,7.0,0.0,109.27,8220.0,3700.0
CREDITACC,CREDITACC.NS,CreditAccess Grameen Limited,Nifty Smallcap 250,Small,Financial Services,Credit Services,19388.0,1265.2,40.0,448.17,0.0,0.0,280.71,1496.7,882.15
CRISIL,CRISIL.NS,CRISIL Limited,Nifty Midcap 150,Mid,Financial Services,Financial Data & Stock Exchanges,31595.0,4376.4,41.15,414.76,259.0,27.37,9.79,6139.0,3973.6
CROMPTON,CROMPTON.NS,Crompton Greaves Consumer Electricals Limited,Nifty Smallcap 250,Small,Consumer Cyclical,"Furnishings, Fixtures & Appliances",16565.0,257.85,35.35,53.0,118.0,0.0,4.83,367.5,217.4
CUB,CUB.NS,City Union Bank Limited,Nifty Smallcap 250,Small,Financial Services,Banks - Regional,20608.0,283.05,16.45,133.95,72.0,0.0,0.0,324.1,142.91
CUMMINSIND,CUMMINSIND.NS,Cummins India Limited,Nifty Midcap 150,Mid,Industrials,Specialty Industrial Machinery,133522.0,4898.3,59.53,284.81,111.0,0.0,0.31,4987.0,2580.0
CYIENT,CYIENT.NS,Cyient Limited,Nifty Smallcap 250,Small,Industrials,Conglomerates,9932.0,914.7,18.38,504.05,356.0,0.0,7.22,1376.0,875.0
DABUR,DABUR.NS,Dabur India Limited,Nifty Midcap 150,Mid,Consumer Defensive,Household & Personal Products,90033.0,518.5,48.76,61.75,158.0,0.0,11.46,577.0,433.3
DALBHARAT,DALBHARAT.NS,Dalmia Bharat Limited,Nifty Midcap 150,Mid,Basic Materials,Building Materials,36785.0,1993.0,30.96,943.13,46.0,0.0,39.76,2496.3,1601.0
DATAPATTNS,DATAPATTNS.NS,Data Patterns (India) Limited,Nifty Smallcap 250,Small,Industrials,Aerospace & Defense,17939.0,3210.2,72.46,274.8,25.0,0.0,0.38,3348.0,1385.5
DBREALTY,DBREALTY.NS,Valor Estate Limited,Nifty Smallcap 250,Small,Real Estate,Real Estate - Development,5867.0,113.78,55.75,76.56,0.0,0.0,24.79,252.67,95.5
DCMSHRIRAM,DCMSHRIRAM.NS,DCM Shriram Limited,Nifty Smallcap 250,Small,Industrials,Conglomerates,15708.0,1037.2,23.87,461.58,140.0,0.0,30.05,1502.3,902.6
DEEPAKFERT,DEEPAKFERT.NS,Deepak Fertilisers And Petrochemicals Corporation Limited,Nifty Smallcap 250,Small,Basic Materials,Chemicals,12376.0,996.0,14.12,516.1,102.0,0.0,62.05,1778.6,900.0
DEEPAKNTR,DEEPAKNTR.NS,Deepak Nitrite Limited,Nifty Midcap 150,Mid,Basic Materials,Chemicals,21085.0,1580.7,39.53,404.66,49.0,0.0,22.41,2174.0,1512.0
DELHIVERY,DELHIVERY.NS,Delhivery Limited,Nifty Smallcap 250,Small,Industrials,Integrated Freight & Logistics,32136.0,433.4,212.89,128.63,0.0,0.0,17.23,490.0,236.53
DEVYANI,DEVYANI.NS,Devyani International Limited,Nifty Smallcap 250,Small,Consumer Cyclical,Restaurants,15110.0,127.44,0.0,12.77,0.0,0.0,170.71,191.0,109.62
DIVISLAB,DIVISLAB.NS,Divi's Laboratories Limited,Nifty Next 50,Large,Healthcare,Drug Manufacturers - Specialty & Generic,169993.0,6408.5,68.49,580.95,47.0,0.0,0.58,7071.5,4955.0
DIXON,DIXON.NS,Dixon Technologies (India) Limited,Nifty Midcap 150,Mid,Technology,Consumer Electronics,61627.0,10528.0,37.04,749.75,8.0,0.0,29.66,18471.0,9835.0
DLF,DLF.NS,DLF Limited,Nifty Next 50,Large,Real Estate,Real Estate - Development,146146.0,603.85,33.01,173.82,102.0,0.0,4.13,886.8,577.25
DMART,DMART.NS,Avenue Supermarts Limited,Nifty Next 50,Large,Consumer Defensive,Discount Stores,247441.0,3847.6,86.95,351.86,0.0,0.0,7.03,4949.5,3400.0
DOMS,DOMS.NS,DOMS Industries Limited,Nifty Smallcap 250,Small,Industrials,Business Equipment & Supplies,13716.0,2332.0,61.72,181.12,14.0,0.0,13.64,3064.6,2211.0
DRREDDY,DRREDDY.NS,Dr. Reddy's Laboratories Limited,Nifty 50,Large,Healthcare,Drug Manufacturers - Specialty & Generic,107786.0,1286.3,19.08,447.25,62.0,16.1,18.03,1379.7,1020.0
ECLERX,ECLERX.NS,eClerx Services Limited,Nifty Smallcap 250,Small,Technology,Information Technology Services,14284.0,3172.4,22.17,558.65,3.0,0.0,15.04,4995.0,2168.0
EICHERMOT,EICHERMOT.NS,Eicher Motors Limited,Nifty 50,Large,Consumer Cyclical,Auto Manufacturers,214678.0,8010.5,40.16,805.26,89.0,0.0,2.02,8230.0,4780.9
EIDPARRY,EIDPARRY.NS,E.I.D.- Parry (India) Limited,Nifty Smallcap 250,Small,Basic Materials,Agricultural Inputs,15494.0,865.2,13.04,486.25,0.0,0.0,18.39,1246.8,642.15
EIHOTEL,EIHOTEL.NS,EIH Limited,Nifty Smallcap 250,Small,Consumer Cyclical,Lodging,19546.0,313.55,30.4,75.28,48.0,0.0,5.18,434.8,300.5
ELECON,ELECON.NS,Elecon Engineering Company Limited,Nifty Smallcap 250,Small,Industrials,Specialty Industrial Machinery,9111.0,415.85,18.9,100.03,49.0,0.0,11.49,716.25,361.5
ELGIEQUIP,ELGIEQUIP.NS,Elgi Equipments Limited,Nifty Smallcap 250,Small,Industrials,Specialty Industrial Machinery,16424.0,534.75,40.66,63.54,42.0,0.0,26.27,608.4,401.0
EMAMILTD,EMAMILTD.NS,Emami Limited,Nifty Smallcap 250,Small,Consumer Defensive,Household & Personal Products,20024.0,462.6,25.19,67.17,262.0,0.0,2.46,653.35,448.0
EMCURE,EMCURE.NS,Emcure Pharmaceuticals Ltd.,Nifty Smallcap 250,Small,Healthcare,Drug Manufacturers - Specialty & Generic,27399.0,1455.5,31.45,250.31,21.0,0.0,33.97,1585.6,889.0
ENDURANCE,ENDURANCE.NS,Endurance Technologies Limited,Nifty Midcap 150,Mid,Consumer Cyclical,Auto Parts,37333.0,2661.7,40.48,444.96,38.0,0.0,19.64,3079.9,1675.0
ENGINERSIN,ENGINERSIN.NS,Engineers India Limited,Nifty Smallcap 250,Small,Industrials,Engineering & Construction,11951.0,221.75,15.39,48.28,141.0,0.0,0.73,255.45,143.66
ENRIN,ENRIN.NS,Siemens Energy India Limited,Nifty Next 50,Large,Utilities,Utilities - Renewable,105864.0,2930.9,89.3,123.03,13.0,0.0,3.37,3625.0,2115.0
ERIS,ERIS.NS,Eris Lifesciences Limited,Nifty Smallcap 250,Small,Healthcare,Drug Manufacturers - Specialty & Generic,18531.0,1358.3,43.11,226.84,97.0,0.0,68.19,1910.0,1097.2
ESCORTS,ESCORTS.NS,Escorts Kubota Limited,Nifty Midcap 150,Mid,Industrials,Farm & Heavy Construction Machinery,37380.0,3518.6,28.41,1080.34,135.0,0.0,0.87,4180.0,2776.4
ETERNAL,ETERNAL.NS,Eternal Limited,Nifty 50,Large,Consumer Cyclical,Internet Retail,221307.0,246.3,1011.96,33.19,0.0,0.0,10.88,368.45,194.8
EXIDEIND,EXIDEIND.NS,Exide Industries Limited,Nifty Midcap 150,Mid,Consumer Cyclical,Auto Parts,27446.0,334.3,33.21,172.99,62.0,0.0,11.15,431.0,308.45
FACT,FACT.NS,The Fertilisers and Chemicals Travancore Limited,Nifty Midcap 150,Mid,Basic Materials,Agricultural Inputs,45991.0,743.45,1652.91,21.25,5.0,0.0,278.99,1112.0,565.0
FEDERALBNK,FEDERALBNK.NS,The Federal Bank Limited,Nifty Midcap 150,Mid,Financial Services,Banks - Regional,72660.0,299.85,17.89,147.71,41.0,0.0,0.0,302.0,175.3
FINCABLES,FINCABLES.NS,Finolex Cables Limited,Nifty Smallcap 250,Small,Industrials,Electrical Equipment & Parts,14475.0,913.7,21.28,372.71,85.0,0.0,0.38,1028.0,700.8
FINPIPE,FINPIPE.NS,Finolex Industries Limited,Nifty Smallcap 250,Small,Industrials,Building Products & Equipment,11151.0,185.25,22.21,95.72,111.0,0.0,0.36,238.0,153.92
FIRSTCRY,FIRSTCRY.NS,Brainbees Solutions Ltd.,Nifty Smallcap 250,Small,Consumer Cyclical,Internet Retail,10407.0,217.4,0.0,99.28,0.0,0.0,31.48,438.7,207.05
FIVESTAR,FIVESTAR.NS,Five-Star Business Finance Limited,Nifty Smallcap 250,Small,Financial Services,Credit Services,12017.0,417.15,10.83,231.22,49.0,0.0,123.06,850.0,399.0
FLUOROCHEM,FLUOROCHEM.NS,Gujarat Fluorochemicals Limited,Nifty Midcap 150,Mid,Basic Materials,Specialty Chemicals,36435.0,3483.3,55.56,694.04,9.0,0.0,22.48,4083.55,2916.6
FORCEMOT,FORCEMOT.NS,Force Motors Limited,Nifty Smallcap 250,Small,Consumer Cyclical,Auto Manufacturers,30806.0,24341.0,22.52,2661.1,17.0,0.0,0.0,26450.0,6851.05
FORTIS,FORTIS.NS,Fortis Healthcare Limited,Nifty Midcap 150,Mid,Healthcare,Medical Care Facilities,70400.0,942.65,73.54,124.78,11.0,0.0,32.96,1104.3,595.6
FSL,FSL.NS,Firstsource Solutions Limited,Nifty Smallcap 250,Small,Technology,Information Technology Services,14543.0,213.15,23.59,63.23,261.0,0.0,54.26,403.8,202.0
GAIL,GAIL.NS,GAIL (India) Limited,Nifty Next 50,Large,Utilities,Utilities - Regulated Gas,108535.0,169.53,12.64,134.06,757.0,0.0,25.37,202.79,150.52
GESHIP,GESHIP.NS,The Great Eastern Shipping Company Limited,Nifty Smallcap 250,Small,Industrials,Marine Shipping,18937.0,1338.9,8.39,1066.28,217.0,0.0,8.24,1375.0,797.5
GICRE,GICRE.NS,General Insurance Corporation of India,Nifty Midcap 150,Mid,Financial Services,Insurance - Reinsurance,65343.0,383.05,6.79,567.46,268.0,10.14,0.0,453.8,351.0
GILLETTE,GILLETTE.NS,Gillette India Limited,Nifty Smallcap 250,Small,Consumer Defensive,Household & Personal Products,26599.0,8342.5,49.75,356.74,205.0,0.0,0.0,11500.0,7563.35
GLAND,GLAND.NS,Gland Pharma Limited,Nifty Smallcap 250,Small,Healthcare,Drug Manufacturers - Specialty & Generic,29570.0,1822.2,34.97,580.47,100.0,0.0,3.16,2131.0,1277.8
GLAXO,GLAXO.NS,GlaxoSmithKline Pharmaceuticals Limited,Nifty Midcap 150,Mid,Healthcare,Drug Manufacturers - General,42904.0,2571.6,42.01,100.81,166.0,0.0,2.09,3515.7,2220.3
GLENMARK,GLENMARK.NS,Glenmark Pharmaceuticals Limited,Nifty Midcap 150,Mid,Healthcare,Drug Manufacturers - Specialty & Generic,59940.0,2136.7,56.19,339.57,24.0,0.0,12.78,2284.8,1288.55
GMDCLTD,GMDCLTD.NS,Gujarat Mineral Development Corporation Limited,Nifty Smallcap 250,Small,Energy,Thermal Coal,17539.0,569.4,17.73,211.46,183.0,0.0,4.14,651.0,233.88
GMRAIRPORT,GMRAIRPORT.NS,GMR Airports Limited,Nifty Midcap 150,Mid,Industrials,Airports & Air Services,101884.0,100.63,0.0,-2.95,0.0,0.0,0.0,110.36,69.0
GODFRYPHLP,GODFRYPHLP.NS,Godfrey Phillips India Limited,Nifty Midcap 150,Mid,Consumer Defensive,Tobacco,31866.0,2115.4,24.51,373.63,181.0,0.0,3.0,3947.0,1659.42
GODIGIT,GODIGIT.NS,Go Digit General Insurance Ltd.,Nifty Smallcap 250,Small,Financial Services,Insurance - Property & Casualty,30682.0,335.75,59.92,50.86,0.0,0.0,7.44,381.4,264.6
GODREJAGRO,GODREJAGRO.NS,Godrej Agrovet Limited,Nifty Smallcap 250,Small,Consumer Defensive,Packaged Foods,11702.0,640.25,26.66,94.05,181.0,0.0,110.73,876.35,506.1
GODREJCP,GODREJCP.NS,Godrej Consumer Products Limited,Nifty Next 50,Large,Consumer Defensive,Household & Personal Products,120334.0,1217.5,66.22,118.9,170.0,0.0,33.82,1309.0,979.5
GODREJIND,GODREJIND.NS,Godrej Industries Limited,Nifty Midcap 150,Mid,Industrials,Conglomerates,32396.0,993.05,33.11,308.82,0.0,0.0,212.69,1390.0,938.8
GODREJPROP,GODREJPROP.NS,Godrej Properties Limited,Nifty Midcap 150,Mid,Real Estate,Real Estate - Development,52214.0,1731.0,33.0,607.99,0.0,0.0,87.89,2506.5,1475.0
GPIL,GPIL.NS,Godawari Power & Ispat Limited,Nifty Smallcap 250,Small,Basic Materials,Steel,16625.0,266.02,21.83,85.27,39.0,0.0,3.64,290.0,149.29
GRANULES,GRANULES.NS,Granules India Limited,Nifty Smallcap 250,Small,Healthcare,Drug Manufacturers - Specialty & Generic,13940.0,582.25,25.51,164.06,26.0,0.0,45.37,627.0,422.0
GRAPHITE,GRAPHITE.NS,Graphite India Limited,Nifty Smallcap 250,Small,Industrials,Electrical Equipment & Parts,13829.0,718.1,42.01,298.79,155.0,0.0,4.57,747.0,365.75
GRASIM,GRASIM.NS,Grasim Industries Limited,Nifty 50,Large,Basic Materials,Building Materials,188414.0,2799.8,41.66,1468.67,36.0,0.0,126.63,2979.0,2351.6
GRAVITA,GRAVITA.NS,Gravita India Limited,Nifty Smallcap 250,Small,Industrials,Metal Fabrication,11371.0,1613.0,29.67,310.27,74.0,0.0,19.62,2170.0,1379.65
GRSE,GRSE.NS,Garden Reach Shipbuilders & Engineers Limited,Nifty Smallcap 250,Small,Industrials,Aerospace & Defense,27161.0,2434.1,39.37,200.49,113.0,0.0,1.39,3538.4,1190.95
GSPL,GSPL.NS,Gujarat State Petronet Limited,Nifty Smallcap 250,Small,Utilities,Utilities - Regulated Gas,16884.0,304.75,16.05,211.55,167.0,0.0,0.88,360.6,261.45
GUJGASLTD,GUJGASLTD.NS,Gujarat Gas Limited,Nifty Midcap 150,Mid,Utilities,Utilities - Regulated Gas,27401.0,407.4,23.58,126.83,146.0,0.0,1.74,508.7,364.5
GVT&D,GVT&D.NS,GE Vernova T&D India Ltd,Nifty Midcap 150,Mid,Industrials,Specialty Industrial Machinery,96591.0,3850.2,90.1,81.51,13.0,0.0,1.46,3912.0,1254.0
HAL,HAL.NS,Hindustan Aeronautics Limited,Nifty Next 50,Large,Industrials,Aerospace & Defense,264273.0,3913.2,29.67,555.02,127.0,0.0,0.03,5165.0,3108.95
HAPPSTMNDS,HAPPSTMNDS.NS,Happiest Minds Technologies Limited,Nifty Smallcap 250,Small,Technology,Information Technology Services,5226.0,359.8,28.26,108.74,180.0,11.7,0.0,714.3,342.0
HAVELLS,HAVELLS.NS,Havells India Limited,Nifty Next 50,Large,Industrials,Electrical Equipment & Parts,84936.0,1397.1,57.13,138.35,74.0,0.0,3.29,1673.8,1250.1
HBLENGINE,HBLENGINE.NS,HBL Engineering Ltd.,Nifty Smallcap 250,Small,Industrials,Electrical Equipment & Parts,18425.0,684.75,23.14,71.56,30.0,0.0,4.4,1122.0,405.0
HCLTECH,HCLTECH.NS,HCL Technologies Limited,Nifty 50,Large,Technology,Information Technology Services,370945.0,1389.1,22.57,273.07,394.0,23.19,9.75,1780.1,1302.75
HDFCAMC,HDFCAMC.NS,HDFC Asset Management Company Limited,Nifty Midcap 150,Mid,Financial Services,Asset Management,113507.0,2698.6,39.69,180.81,170.0,0.0,0.0,2967.25,1783.42
HDFCBANK,HDFCBANK.NS,HDFC Bank Limited,Nifty 50,Large,Financial Services,Banks - Regional,1353222.0,887.75,19.61,367.08,125.0,14.02,0.0,1020.5,835.02
HDFCLIFE,HDFCLIFE.NS,HDFC Life Insurance Company Limited,Nifty 50,Large,Financial Services,Insurance - Life,152570.0,715.3,80.65,81.65,30.0,11.32,17.61,820.75,609.3
HEG,HEG.NS,HEG Limited,Nifty Smallcap 250,Small,Industrials,Electrical Equipment & Parts,11043.0,577.7,28.99,241.88,31.0,0.0,13.81,672.0,345.0
HEROMOTOCO,HEROMOTOCO.NS,Hero MotoCorp Limited,Nifty Midcap 150,Mid,Consumer Cyclical,Auto Manufacturers,111880.0,5710.0,20.58,1049.69,313.0,0.0,3.4,6388.5,3344.0
HEXT,HEXT.NS,Hexaware Technologies Limited,Nifty Midcap 150,Mid,Technology,Information Technology Services,28432.0,473.5,21.06,103.64,493.0,23.46,10.78,900.0,440.0
HFCL,HFCL.NS,HFCL Limited,Nifty Smallcap 250,Small,Technology,Communication Equipment,10329.0,68.51,187.5,28.61,15.0,0.0,41.39,93.96,59.82
HINDALCO,HINDALCO.NS,Hindalco Industries Limited,Nifty 50,Large,Basic Materials,Aluminum,210172.0,924.7,13.0,607.5,53.0,0.0,57.57,1029.8,546.45
HINDCOPPER,HINDCOPPER.NS,Hindustan Copper Limited,Nifty Smallcap 250,Small,Basic Materials,Copper,55722.0,566.3,84.09,30.66,43.0,0.0,4.78,760.05,183.82
HINDPETRO,HINDPETRO.NS,Hindustan Petroleum Corporation Limited,Nifty Midcap 150,Mid,Energy,Oil & Gas Refining & Marketing,90326.0,438.75,5.86,267.4,365.0,0.0,110.91,508.45,290.1
HINDUNILVR,HINDUNILVR.NS,Hindustan Unilever Limited,Nifty 50,Large,Consumer Defensive,Household & Personal Products,545325.0,2338.1,54.06,207.38,185.0,0.0,3.61,2750.0,2136.0
HINDZINC,HINDZINC.NS,Hindustan Zinc Limited,Nifty Next 50,Large,Basic Materials,Other Industrial Metals & Mining,260977.0,603.8,22.12,32.42,470.0,0.0,88.17,733.0,381.45
HOMEFIRST,HOMEFIRST.NS,Home First Finance Company India Limited,Nifty Smallcap 250,Small,Financial Services,Mortgage Finance,11434.0,1083.1,22.37,388.51,34.0,0.0,240.45,1519.0,878.4
HONASA,HONASA.NS,Honasa Consumer Limited,Nifty Smallcap 250,Small,Consumer Defensive,Household & Personal Products,9529.0,303.0,61.37,39.2,0.0,0.0,11.18,334.2,205.01
HONAUT,HONAUT.NS,Honeywell Automation India Limited,Nifty Midcap 150,Mid,Industrials,Electrical Equipment & Parts,26825.0,30975.0,53.19,4737.47,35.0,0.0,2.21,41450.0,30250.0
HSCL,HSCL.NS,Himadri Speciality Chemical Limited,Nifty Smallcap 250,Small,Basic Materials,Specialty Chemicals,23110.0,484.85,32.26,82.34,13.0,0.0,21.09,534.45,365.35
HUDCO,HUDCO.NS,Housing and Urban Development Corporation Limited,Nifty Midcap 150,Mid,Financial Services,Credit Services,36383.0,186.75,13.09,90.2,297.0,0.0,705.76,253.73,162.36
HYUNDAI,HYUNDAI.NS,Hyundai Motor India Ltd.,Nifty Next 50,Large,Consumer Cyclical,Auto Manufacturers,174534.0,2165.4,30.12,216.08,98.0,0.0,4.89,2890.0,1541.7
ICICIBANK,ICICIBANK.NS,ICICI Bank Limited,Nifty 50,Large,Financial Services,Banks - Regional,983370.0,1378.9,18.76,487.64,80.0,16.8,0.0,1500.0,1206.25
ICICIGI,ICICIGI.NS,ICICI Lombard General Insurance Company Limited,Nifty Next 50,Large,Financial Services,Insurance - Diversified,94768.0,1901.5,34.72,346.01,69.0,17.27,0.0,2068.7,1613.7
ICICIPRULI,ICICIPRULI.NS,ICICI Prudential Life Insurance Company Limited,Nifty Midcap 150,Mid,Financial Services,Insurance - Life,94676.0,654.5,68.94,92.93,13.0,10.91,19.29,706.8,525.8
IDBI,IDBI.NS,IDBI Bank Limited,Nifty Midcap 150,Mid,Financial Services,Banks - Regional,123439.0,116.01,13.29,64.85,183.0,14.73,0.0,118.38,66.5
IDEA,IDEA.NS,Vodafone Idea Limited,Nifty Midcap 150,Mid,Communication Services,Telecom Services,111485.0,10.59,0.0,-7.61,0.0,0.0,0.0,12.8,6.12
IDFCFIRSTB,IDFCFIRSTB.NS,IDFC First Bank Limited,Nifty Midcap 150,Mid,Financial Services,Banks - Regional,61725.0,73.48,37.78,53.12,35.0,3.71,0.0,87.0,52.46
IEX,IEX.NS,Indian Energy Exchange Limited,Nifty Smallcap 250,Small,Financial Services,Capital Markets,10807.0,125.64,22.5,14.06,247.0,0.0,0.3,215.4,119.0
IFCI,IFCI.NS,IFCI Limited,Nifty Smallcap 250,Small,Financial Services,Credit Services,15203.0,59.98,37.81,32.86,0.0,0.0,22.62,74.5,36.2
IGIL,IGIL.NS,International Gemmological Institute (India) Limited,Nifty Smallcap 250,Small,Basic Materials,Other Precious Metals & Mining,14075.0,330.0,27.46,32.58,154.0,43.0,10.12,442.0,282.0
IGL,IGL.NS,Indraprastha Gas Limited,Nifty Midcap 150,Mid,Utilities,Utilities - Regulated Gas,23372.0,170.86,14.04,80.15,285.0,0.0,0.9,229.0,163.0
IIFL,IIFL.NS,IIFL Finance Limited,Nifty Smallcap 250,Small,Financial Services,Credit Services,21240.0,496.2,16.75,305.35,80.0,0.0,401.13,675.0,279.8
IKS,IKS.NS,Inventurus Knowledge Solutions Ltd.,Nifty Smallcap 250,Small,Healthcare,Health Information Services,22555.0,1375.8,34.61,134.04,0.0,0.0,34.19,1876.0,1236.8
INDGN,INDGN.NS,Indegene Ltd.,Nifty Smallcap 250,Small,Healthcare,Health Information Services,11534.0,496.3,26.31,119.56,42.0,0.0,4.26,632.9,455.6
INDHOTEL,INDHOTEL.NS,The Indian Hotels Company Limited,Nifty Next 50,Large,Consumer Cyclical,Lodging,92665.0,667.05,46.07,81.28,35.0,0.0,25.01,858.0,627.2
INDIACEM,INDIACEM.NS,The India Cements Limited,Nifty Smallcap 250,Small,Basic Materials,Building Materials,18492.0,406.0,0.0,320.14,0.0,0.0,13.31,485.8,252.25
INDIAMART,INDIAMART.NS,IndiaMART InterMESH Limited,Nifty Smallcap 250,Small,Communication Services,Internet Content & Information,12698.0,2132.0,21.05,389.58,142.0,0.0,1.1,2799.0,1900.1
INDIANB,INDIANB.NS,Indian Bank,Nifty Midcap 150,Mid,Financial Services,Banks - Regional,131598.0,990.5,11.43,593.25,166.0,15.75,0.0,1000.0,478.0
INDIGO,INDIGO.NS,InterGlobe Aviation Limited,Nifty 50,Large,Industrials,Airlines,174764.0,4827.2,54.34,223.36,22.0,0.0,866.46,6232.5,4417.65
INDUSINDBK,INDUSINDBK.NS,IndusInd Bank Limited,Nifty Midcap 150,Mid,Financial Services,Banks - Regional,73428.0,956.75,0.0,835.42,0.0,0.0,0.0,1003.6,606.0
INDUSTOWER,INDUSTOWER.NS,Indus Towers Limited,Nifty Midcap 150,Mid,Communication Services,Telecom Services,118290.0,454.95,16.56,143.57,0.0,20.31,55.02,481.5,312.55
INFY,INFY.NS,Infosys Limited,Nifty 50,Large,Technology,Information Technology Services,521449.0,1300.1,18.38,207.85,349.0,32.68,10.53,1732.95,1264.1
INOXINDIA,INOXINDIA.NS,INOX India Limited,Nifty Smallcap 250,Small,Industrials,Specialty Industrial Machinery,10254.0,1163.0,41.49,107.95,18.0,0.0,10.14,1288.0,892.25
INOXWIND,INOXWIND.NS,Inox Wind Limited,Nifty Smallcap 250,Small,Industrials,Specialty Industrial Machinery,15423.0,92.13,32.55,50.91,0.0,0.0,15.71,201.0,87.25
INTELLECT,INTELLECT.NS,Intellect Design Arena Limited,Nifty Smallcap 250,Small,Technology,Software - Application,9464.0,697.6,26.74,213.93,59.0,0.0,3.01,1255.0,577.4
IOB,IOB.NS,Indian Overseas Bank,Nifty Midcap 150,Mid,Financial Services,Banks - Regional,67821.0,36.45,14.31,17.75,0.0,15.34,0.0,45.15,33.5
IOC,IOC.NS,Indian Oil Corporation Limited,Nifty Next 50,Large,Energy,Oil & Gas Refining & Marketing,252925.0,187.47,6.9,143.2,447.0,0.0,72.63,188.96,111.91
IPCALAB,IPCALAB.NS,Ipca Laboratories Limited,Nifty Midcap 150,Mid,Healthcare,Drug Manufacturers - Specialty & Generic,38525.0,1528.9,42.19,324.6,26.0,0.0,14.43,1595.0,1168.2
IRB,IRB.NS,IRB Infrastructure Developers Limited,Nifty Midcap 150,Mid,Industrials,Infrastructure Operations,24120.0,41.71,31.45,33.29,70.0,0.0,102.31,54.28,38.3
IRCON,IRCON.NS,Ircon International Limited,Nifty Smallcap 250,Small,Industrials,Engineering & Construction,12811.0,143.61,20.89,68.47,162.0,0.0,79.15,225.52,134.52
IRCTC,IRCTC.NS,Indian Railway Catering & Tourism Corporation Limited,Nifty Midcap 150,Mid,Consumer Cyclical,Travel Services,45516.0,569.55,31.95,53.32,167.0,0.0,1.84,820.25,552.0
IREDA,IREDA.NS,Indian Renewable Energy Development Agency Limited,Nifty Midcap 150,Mid,Financial Services,Credit Services,32567.0,122.25,16.95,48.2,0.0,0.0,554.12,186.58,114.75
IRFC,IRFC.NS,Indian Railway Finance Corporation Limited,Nifty Next 50,Large,Financial Services,Credit Services,129823.0,103.55,18.53,43.36,267.0,12.9,744.59,148.95,97.2
ITC,ITC.NS,ITC Limited,Nifty 50,Large,Consumer Defensive,Tobacco,394545.0,313.6,19.38,56.71,456.0,0.0,0.51,444.2,302.0
ITCHOTELS,ITCHOTELS.NS,ITC Hotels Ltd.,Nifty Midcap 150,Mid,Consumer Cyclical,Resorts & Casinos,35953.0,176.06,47.4,53.21,0.0,0.0,0.72,261.62,159.06
ITI,ITI.NS,ITI Limited,Nifty Smallcap 250,Small,Technology,Communication Equipment,25123.0,270.3,0.0,15.66,0.0,0.0,87.14,372.85,234.04
J&KBANK,J&KBANK.NS,Jammu and Kashmir Bank Limited,Nifty Smallcap 250,Small,Financial Services,Banks - Regional,13206.0,121.39,6.13,140.66,179.0,14.64,0.0,123.6,87.3
JBCHEPHARM,JBCHEPHARM.NS,J. B. Chemicals & Pharmaceuticals Limited,Nifty Smallcap 250,Small,Healthcare,Drug Manufacturers - Specialty & Generic,33354.0,2053.5,43.67,243.38,122.0,0.0,1.07,2114.7,1385.75
JBMA,JBMA.NS,JBM Auto Limited,Nifty Smallcap 250,Small,Consumer Cyclical,Auto Parts,12475.0,551.35,163.76,60.06,16.0,0.0,218.26,790.0,489.8
JINDALSAW,JINDALSAW.NS,Jindal Saw Limited,Nifty Smallcap 250,Small,Basic Materials,Steel,11371.0,185.37,10.11,189.33,112.0,0.0,43.95,286.4,153.0
JINDALSTEL,JINDALSTEL.NS,Jindal Steel Limited,Nifty Next 50,Large,Basic Materials,Steel,125945.0,1244.2,63.71,488.24,16.0,0.0,38.02,1272.1,770.0
JIOFIN,JIOFIN.NS,Jio Financial Services Limited,Nifty 50,Large,Financial Services,Asset Management,158193.0,255.4,98.03,213.24,20.0,0.0,7.8,338.6,199.02
JKCEMENT,JKCEMENT.NS,J.K. Cement Limited,Nifty Midcap 150,Mid,Basic Materials,Building Materials,43332.0,5656.0,41.84,838.99,27.0,0.0,99.56,7565.5,4218.9
JKTYRE,JKTYRE.NS,JK Tyre & Industries Limited,Nifty Smallcap 250,Small,Consumer Cyclical,Auto Parts,13784.0,501.1,19.38,191.24,63.0,0.0,89.67,611.9,244.0
JMFINANCIL,JMFINANCIL.NS,JM Financial Limited,Nifty Smallcap 250,Small,Financial Services,Capital Markets,12015.0,127.74,9.81,107.51,334.0,0.0,104.1,199.8,80.2
JPPOWER,JPPOWER.NS,Jaiprakash Power Ventures Limited,Nifty Smallcap 250,Small,Utilities,Utilities - Independent Power Producers,9923.0,15.25,21.92,9.81,0.0,0.0,27.62,27.7,12.52
JSL,JSL.NS,Jindal Stainless Limited,Nifty Midcap 150,Mid,Basic Materials,Steel,64526.0,776.35,21.98,219.57,38.0,0.0,37.9,884.0,496.6
JSWCEMENT,JSWCEMENT.NS,JSW Cement Ltd.,Nifty Smallcap 250,Small,Basic Materials,Building Materials,16483.0,125.08,0.0,49.72,0.0,0.0,75.36,162.15,106.65
JSWENERGY,JSWENERGY.NS,JSW Energy Limited,Nifty Next 50,Large,Utilities,Utilities - Independent Power Producers,84522.0,487.75,36.91,166.97,42.0,0.0,218.67,579.0,427.75
JSWINFRA,JSWINFRA.NS,JSW Infrastructure Limited,Nifty Midcap 150,Mid,Industrials,Marine Shipping,52462.0,254.8,32.56,49.15,32.0,0.0,48.27,349.0,243.1
JSWSTEEL,JSWSTEEL.NS,JSW Steel Limited,Nifty 50,Large,Basic Materials,Steel,309584.0,1264.7,41.66,340.32,22.0,0.0,118.74,1284.7,905.2
JUBLFOOD,JUBLFOOD.NS,Jubilant FoodWorks Limited,Nifty Midcap 150,Mid,Consumer Cyclical,Restaurants,33256.0,519.9,104.26,34.44,24.0,0.0,202.29,727.95,481.1
JUBLINGREA,JUBLINGREA.NS,Jubilant Ingrevia Limited,Nifty Smallcap 250,Small,Basic Materials,Specialty Chemicals,8994.0,585.4,33.9,192.6,88.0,0.0,26.51,851.8,535.2
JUBLPHARMA,JUBLPHARMA.NS,Jubilant Pharmova Limited,Nifty Smallcap 250,Small,Healthcare,Drug Manufacturers - Specialty & Generic,13477.0,866.3,31.25,415.87,59.0,0.0,43.87,1248.0,802.0
JWL,JWL.NS,Jupiter Wagons Limited,Nifty Smallcap 250,Small,Industrials,Railroads,11003.0,267.2,44.46,65.94,78.0,0.0,26.72,457.0,247.15
JYOTHYLAB,JYOTHYLAB.NS,Jyothy Labs Limited,Nifty Smallcap 250,Small,Consumer Defensive,Household & Personal Products,9026.0,253.46,26.37,39.16,142.0,0.0,3.74,399.9,236.75
JYOTICNC,JYOTICNC.NS,Jyoti CNC Automation Limited,Nifty Smallcap 250,Small,Industrials,Specialty Industrial Machinery,18264.0,820.45,0.74,80.51,0.0,0.0,39.56,1330.0,750.0
KAJARIACER,KAJARIACER.NS,Kajaria Ceramics Limited,Nifty Smallcap 250,Small,Industrials,Building Products & Equipment,14902.0,957.1,36.76,183.98,128.0,0.0,9.68,1321.9,758.7
KALYANKJIL,KALYANKJIL.NS,Kalyan Jewellers India Limited,Nifty Midcap 150,Mid,Consumer Cyclical,Luxury Goods,41509.0,410.1,36.76,51.67,37.0,0.0,99.88,617.7,347.5
KARURVYSYA,KARURVYSYA.NS,The Karur Vysya Bank Limited,Nifty Smallcap 250,Small,Financial Services,Banks - Regional,30477.0,326.2,13.24,132.43,69.0,0.0,0.0,343.45,154.62
KAYNES,KAYNES.NS,Kaynes Technology India Limited,Nifty Smallcap 250,Small,Technology,Electronic Components,25067.0,3856.5,62.9,715.5,0.0,0.0,18.9,7705.0,3294.9
KEC,KEC.NS,KEC International Limited,Nifty Smallcap 250,Small,Industrials,Engineering & Construction,15038.0,585.3,21.79,212.03,97.0,0.0,94.07,947.0,550.6
KEI,KEI.NS,KEI Industries Limited,Nifty Midcap 150,Mid,Industrials,Electrical Equipment & Parts,49770.0,5080.4,57.81,647.65,9.0,0.0,3.8,5303.0,2424.0
KFINTECH,KFINTECH.NS,KFin Technologies Limited,Nifty Smallcap 250,Small,Technology,Software - Application,16146.0,956.7,46.73,84.98,80.0,0.0,3.24,1388.5,828.8
KIMS,KIMS.NS,Krishna Institute of Medical Sciences Limited,Nifty Smallcap 250,Small,Healthcare,Medical Care Facilities,28736.0,745.05,95.25,56.74,0.0,0.0,123.72,798.4,501.55
KIRLOSBROS,KIRLOSBROS.NS,Kirloskar Brothers Limited,Nifty Smallcap 250,Small,Industrials,Specialty Industrial Machinery,12184.0,1582.8,30.49,277.96,46.0,0.0,9.87,2475.0,1422.35
KIRLOSENG,KIRLOSENG.NS,Kirloskar Oil Engines Limited,Nifty Smallcap 250,Small,Industrials,Specialty Industrial Machinery,20429.0,1393.2,37.59,232.14,46.0,0.0,165.65,1475.5,572.75
KOTAKBANK,KOTAKBANK.NS,Kotak Mahindra Bank Limited,Nifty 50,Large,Financial Services,Banks - Regional,410848.0,415.2,21.83,169.0,12.0,0.0,0.0,460.38,379.08
KPIL,KPIL.NS,Kalpataru Projects International Limited,Nifty Smallcap 250,Small,Industrials,Engineering & Construction,20100.0,1240.1,24.09,407.78,76.0,0.0,69.69,1335.6,786.3
KPITTECH,KPITTECH.NS,KPIT Technologies Limited,Nifty Midcap 150,Mid,Technology,Software - Infrastructure,20546.0,771.1,28.73,120.04,109.0,0.0,16.21,1434.5,736.0
KPRMILL,KPRMILL.NS,K.P.R. Mill Limited,Nifty Midcap 150,Mid,Consumer Cyclical,Textile Manufacturing,29726.0,897.8,35.21,156.47,58.0,0.0,6.46,1389.0,755.5
KSB,KSB.NS,KSB Limited,Nifty Smallcap 250,Small,Industrials,Specialty Industrial Machinery,12891.0,770.25,49.02,96.36,59.0,17.1,0.31,912.0,600.75
LALPATHLAB,LALPATHLAB.NS,Dr. Lal PathLabs Limited,Nifty Smallcap 250,Small,Healthcare,Diagnostics & Research,23475.0,1399.9,44.45,143.09,92.0,0.0,6.44,1770.0,1155.38
LATENTVIEW,LATENTVIEW.NS,Latent View Analytics Limited,Nifty Smallcap 250,Small,Industrials,Consulting Services,6761.0,337.2,34.0,78.77,0.0,0.0,1.52,517.5,315.75
LAURUSLABS,LAURUSLABS.NS,Laurus Labs Limited,Nifty Smallcap 250,Small,Healthcare,Drug Manufacturers - Specialty & Generic,57509.0,1075.8,68.01,88.97,15.0,0.0,44.83,1141.0,517.65
LEMONTREE,LEMONTREE.NS,Lemon Tree Hotels Limited,Nifty Smallcap 250,Small,Consumer Cyclical,Lodging,9025.0,113.67,41.0,15.62,0.0,0.0,109.55,180.68,109.0
LICHSGFIN,LICHSGFIN.NS,LIC Housing Finance Limited,Nifty Midcap 150,Mid,Financial Services,Mortgage Finance,29041.0,537.75,5.29,700.24,189.0,0.0,679.25,646.5,485.6
LICI,LICI.NS,Life Insurance Corporation of India,Nifty Next 50,Large,Financial Services,Insurance - Life,532533.0,849.4,10.04,192.55,143.0,0.0,0.0,980.0,723.2
LINDEINDIA,LINDEINDIA.NS,Linde India Limited,Nifty Midcap 150,Mid,Basic Materials,Specialty Chemicals,56838.0,6730.0,96.15,468.56,7.0,0.0,1.69,7870.0,5242.4
LLOYDSME,LLOYDSME.NS,Lloyds Metals and Energy Limited,Nifty Midcap 150,Mid,Basic Materials,Steel,65905.0,1233.0,27.55,148.62,8.0,0.0,100.05,1612.0,957.1
LODHA,LODHA.NS,Lodha Developers Limited,Nifty Next 50,Large,Real Estate,Real Estate - Development,96499.0,988.25,28.9,213.1,44.0,16.9,45.11,1531.0,863.8
LT,LT.NS,Larsen & Toubro Limited,Nifty 50,Large,Industrials,Engineering & Construction,559420.0,4278.3,31.85,736.99,84.0,0.0,111.85,4440.0,2965.3
LTF,LTF.NS,L&T Finance Limited,Nifty Midcap 150,Mid,Financial Services,Credit Services,69136.0,283.95,24.62,105.45,100.0,0.0,370.75,329.45,134.13
LTFOODS,LTFOODS.NS,LT Foods Limited,Nifty Smallcap 250,Small,Consumer Defensive,Packaged Foods,13209.0,402.3,20.32,120.62,105.0,0.0,43.09,518.55,288.25
LTM,LTM.NS,LTIMindtree Limited,Nifty Next 50,Large,Technology,Information Technology Services,130563.0,4462.0,27.47,799.11,152.0,20.97,9.82,5195.0,4356.5
LTTS,LTTS.NS,L&T Technology Services Limited,Nifty Midcap 150,Mid,Technology,Information Technology Services,36497.0,3512.4,29.07,584.07,163.0,0.0,10.15,4879.75,3140.0
LUPIN,LUPIN.NS,Lupin Limited,Nifty Midcap 150,Mid,Healthcare,Drug Manufacturers - Specialty & Generic,105627.0,2301.9,22.78,429.87,52.0,0.0,31.51,2336.3,1795.2
M&M,M&M.NS,Mahindra & Mahindra Limited,Nifty 50,Large,Consumer Cyclical,Auto Manufacturers,400274.0,3397.4,23.87,741.99,76.0,0.0,132.29,3839.9,2425.0
M&MFIN,M&MFIN.NS,Mahindra & Mahindra Financial Services Limited,Nifty Midcap 150,Mid,Financial Services,Credit Services,50855.0,374.3,20.67,179.84,178.0,0.0,435.08,412.2,236.24
MAHABANK,MAHABANK.NS,Bank of Maharashtra,Nifty Midcap 150,Mid,Financial Services,Banks - Regional,55364.0,74.76,8.55,43.45,347.0,21.17,0.0,77.0,42.0
MAHSCOOTER,MAHSCOOTER.NS,Maharashtra Scooters Ltd.,Nifty Smallcap 250,Small,Financial Services,Asset Management,15123.0,13259.0,42.19,28888.35,144.0,0.0,0.0,18538.0,8822.0
MAHSEAMLES,MAHSEAMLES.NS,Maharashtra Seamless Limited,Nifty Smallcap 250,Small,Basic Materials,Steel,7412.0,562.0,8.82,489.93,181.0,0.0,0.15,773.8,500.7
MANAPPURAM,MANAPPURAM.NS,Manappuram Finance Limited,Nifty Smallcap 250,Small,Financial Services,Credit Services,23869.0,283.25,59.87,148.59,71.0,0.0,301.61,321.6,194.68
MANKIND,MANKIND.NS,Mankind Pharma Limited,Nifty Midcap 150,Mid,Healthcare,Drug Manufacturers - Specialty & Generic,92695.0,2247.6,52.09,370.26,9.0,0.0,53.89,2716.5,2012.3
MANYAVAR,MANYAVAR.NS,Vedant Fashions Limited,Nifty Smallcap 250,Small,Consumer Cyclical,Apparel Manufacturing,9092.0,389.95,25.13,70.89,214.0,0.0,26.95,850.0,370.65
MAPMYINDIA,MAPMYINDIA.NS,C. E. Info Systems Limited,Nifty Smallcap 250,Small,Technology,Software - Infrastructure,5527.0,1034.1,42.01,149.39,35.0,0.0,1.15,2166.7,999.0
MARICO,MARICO.NS,Marico Limited,Nifty Midcap 150,Mid,Consumer Defensive,Household & Personal Products,100924.0,788.65,58.8,31.26,135.0,0.0,13.67,813.5,577.85
MARUTI,MARUTI.NS,Maruti Suzuki India Limited,Nifty 50,Large,Consumer Cyclical,Auto Manufacturers,452362.0,14857.0,30.3,3172.5,94.0,0.0,0.1,17370.0,11059.45
MAXHEALTH,MAXHEALTH.NS,Max Healthcare Institute Limited,Nifty 50,Large,Healthcare,Medical Care Facilities,105532.0,1091.95,74.63,102.71,14.0,0.0,32.58,1314.3,933.8
MAZDOCK,MAZDOCK.NS,Mazagon Dock Shipbuilders Limited,Nifty Next 50,Large,Industrials,Aerospace & Defense,89139.0,2224.9,37.04,220.89,87.0,0.0,0.02,3775.0,2123.15
MCX,MCX.NS,Multi Commodity Exchange of India Limited,Nifty Smallcap 250,Small,Financial Services,Financial Data & Stock Exchanges,63659.0,2443.3,100.01,122.4,24.0,0.0,0.02,2705.0,881.63
MEDANTA,MEDANTA.NS,Global Health Limited,Nifty Midcap 150,Mid,Healthcare,Medical Care Facilities,30356.0,1138.8,59.16,137.83,4.0,0.0,25.47,1456.5,1010.0
METROPOLIS,METROPOLIS.NS,Metropolis Healthcare Limited,Nifty Smallcap 250,Small,Healthcare,Diagnostics & Research,9635.0,1903.8,57.48,276.61,22.0,0.0,13.92,2263.0,1315.0
MFSL,MFSL.NS,Max Financial Services Limited,Nifty Midcap 150,Mid,Financial Services,Insurance - Life,62394.0,1813.4,434.33,153.58,0.0,0.0,0.0,1892.5,950.0
MGL,MGL.NS,Mahanagar Gas Limited,Nifty Smallcap 250,Small,Utilities,Utilities - Regulated Gas,11925.0,1219.8,12.52,628.59,248.0,0.0,3.54,1586.9,1018.6
MINDACORP,MINDACORP.NS,Minda Corporation Limited,Nifty Smallcap 250,Small,Consumer Cyclical,Auto Parts,12728.0,555.55,45.03,103.77,28.0,0.0,62.97,619.95,445.05
MMTC,MMTC.NS,MMTC Limited,Nifty Smallcap 250,Small,Industrials,Conglomerates,8789.0,61.82,33.26,12.84,0.0,0.0,1.8,88.19,44.5
MOTHERSON,MOTHERSON.NS,Samvardhana Motherson International Limited,Nifty Next 50,Large,Consumer Cyclical,Auto Parts,135783.0,133.34,39.71,35.02,86.0,0.0,49.94,136.15,71.5
MOTILALOFS,MOTILALOFS.NS,Motilal Oswal Financial Services Limited,Nifty Midcap 150,Mid,Financial Services,Capital Markets,43168.0,725.15,21.84,214.51,153.0,0.0,121.04,1097.1,513.0
MPHASIS,MPHASIS.NS,Mphasis Limited,Nifty Midcap 150,Mid,Technology,Information Technology Services,43005.0,2296.5,23.92,533.51,253.0,18.7,23.62,3037.2,2044.55
MRF,MRF.NS,MRF Limited,Nifty Midcap 150,Mid,Consumer Cyclical,Auto Parts,58878.0,140985.0,26.39,45838.96,17.0,0.0,18.68,163600.0,102124.05
MRPL,MRPL.NS,Mangalore Refinery and Petrochemicals Limited,Nifty Smallcap 250,Small,Energy,Oil & Gas Refining & Marketing,33075.0,196.65,15.18,76.0,0.0,0.0,81.27,203.89,99.53
MSUMI,MSUMI.NS,Motherson Sumi Wiring India Limited,Nifty Smallcap 250,Small,Consumer Cyclical,Auto Parts,28019.0,43.2,44.95,2.79,260.0,0.0,13.72,53.59,31.15
MUTHOOTFIN,MUTHOOTFIN.NS,Muthoot Finance Limited,Nifty Midcap 150,Mid,Financial Services,Credit Services,139464.0,3353.5,16.0,887.27,75.0,26.69,384.6,4149.5,1965.0
NAM-INDIA,NAM-INDIA.NS,Nippon Life India Asset Management Limited,Nifty Midcap 150,Mid,Financial Services,Asset Management,57579.0,931.2,40.48,68.94,199.0,0.0,1.94,1009.0,498.05
NATCOPHARM,NATCOPHARM.NS,NATCO Pharma Limited,Nifty Smallcap 250,Small,Healthcare,Drug Manufacturers - Specialty & Generic,17137.0,988.5,11.0,482.88,68.0,0.0,3.01,1059.0,726.8
NATIONALUM,NATIONALUM.NS,National Aluminium Company Limited,Nifty Midcap 150,Mid,Basic Materials,Aluminum,66716.0,354.6,10.85,108.06,413.0,0.0,0.28,431.5,137.75
NAUKRI,NAUKRI.NS,Info Edge (India) Limited,Nifty Next 50,Large,Communication Services,Internet Content & Information,64653.0,1029.6,48.07,751.29,96.0,0.0,0.54,1550.0,992.2
NAVA,NAVA.NS,Nava Limited,Nifty Smallcap 250,Small,Industrials,Conglomerates,16322.0,595.6,18.35,285.94,156.0,0.0,15.99,735.0,377.0
NAVINFLUOR,NAVINFLUOR.NS,Navin Fluorine International Limited,Nifty Smallcap 250,Small,Basic Materials,Chemicals,32177.0,6256.5,58.14,705.31,21.0,0.0,32.68,6965.0,3670.6
NBCC,NBCC.NS,NBCC (India) Limited,Nifty Smallcap 250,Small,Industrials,Engineering & Construction,24127.0,92.67,36.93,9.92,76.0,0.0,0.01,130.7,72.05
NCC,NCC.NS,NCC Limited,Nifty Smallcap 250,Small,Industrials,Engineering & Construction,9378.0,152.64,12.97,119.81,147.0,0.0,37.89,242.15,135.0
NESTLEIND,NESTLEIND.NS,Nestlé India Limited,Nifty 50,Large,Consumer Defensive,Packaged Foods,246766.0,1291.7,75.77,23.0,149.0,0.0,10.75,1340.4,1055.0
NETWEB,NETWEB.NS,Netweb Technologies India Limited,Nifty Smallcap 250,Small,Technology,Computer Hardware,21115.0,3861.4,156.26,102.17,7.0,0.0,3.11,4479.0,1251.55
NEULANDLAB,NEULANDLAB.NS,Neuland Laboratories Limited,Nifty Smallcap 250,Small,Healthcare,Drug Manufacturers - Specialty & Generic,16819.0,12825.0,93.46,1262.78,9.0,0.0,16.33,19747.0,10201.7
NEWGEN,NEWGEN.NS,Newgen Software Technologies Limited,Nifty Smallcap 250,Small,Technology,Software - Infrastructure,6868.0,508.75,23.15,67.61,103.0,0.0,3.25,1377.15,458.65
NH,NH.NS,Narayana Hrudayalaya Limited,Nifty Smallcap 250,Small,Healthcare,Medical Care Facilities,36294.0,1830.9,46.73,199.87,25.0,0.0,57.61,2370.2,1451.05
NHPC,NHPC.NS,NHPC Limited,Nifty Midcap 150,Mid,Utilities,Utilities - Renewable,73469.0,75.33,46.88,41.18,261.0,0.0,100.41,92.34,72.4
NIACL,NIACL.NS,The New India Assurance Company Limited,Nifty Midcap 150,Mid,Financial Services,Insurance - Diversified,23507.0,147.3,19.69,265.81,126.0,0.0,0.0,214.74,139.83
NIVABUPA,NIVABUPA.NS,Niva Bupa Health Insurance Company Ltd.,Nifty Smallcap 250,Small,,,0.0,0.0,0.0,0.0,0.0,0.0,0.0,0.0,0.0
NLCINDIA,NLCINDIA.NS,NLC India Limited,Nifty Midcap 150,Mid,Utilities,Utilities - Regulated Electric,35006.0,260.05,13.14,157.0,285.0,0.0,104.68,292.2,200.5
NMDC,NMDC.NS,NMDC Limited,Nifty Midcap 150,Mid,Basic Materials,Steel,71442.0,81.74,10.35,36.92,431.0,0.0,11.21,86.72,59.53
NSLNISP,NSLNISP.NS,NMDC Steel Limited,Nifty Smallcap 250,Small,Basic Materials,Steel,11684.0,40.57,0.0,44.26,0.0,0.0,40.77,49.65,32.13
NTPC,NTPC.NS,NTPC Limited,Nifty 50,Large,Utilities,Utilities - Regulated Electric,366098.0,381.9,20.88,198.22,301.0,0.0,127.75,388.55,308.0
NTPCGREEN,NTPCGREEN.NS,NTPC Green Energy Ltd.,Nifty Midcap 150,Mid,Utilities,Utilities - Renewable,73924.0,90.14,127.14,22.25,0.0,0.0,115.84,117.64,84.0
NUVAMA,NUVAMA.NS,Nuvama Wealth Management Limited,Nifty Smallcap 250,Small,Financial Services,Asset Management,21975.0,1244.9,21.83,210.38,230.0,0.0,237.58,1701.7,947.09
NUVOCO,NUVOCO.NS,Nuvoco Vistas Corporation Limited,Nifty Smallcap 250,Small,Basic Materials,Building Materials,11357.0,328.15,29.5,257.07,0.0,0.0,63.21,477.5,287.5
NYKAA,NYKAA.NS,FSN E-Commerce Ventures Limited,Nifty Midcap 150,Mid,Consumer Cyclical,Internet Retail,74182.0,265.48,528.78,4.84,0.0,0.0,97.75,285.6,154.9
OBEROIRLTY,OBEROIRLTY.NS,Oberoi Realty Limited,Nifty Midcap 150,Mid,Real Estate,Real Estate - Development,54210.0,1522.8,24.21,460.41,54.0,0.0,18.08,2005.0,1425.5
OFSS,OFSS.NS,Oracle Financial Services Software Limited,Nifty Midcap 150,Mid,Technology,Software - Infrastructure,59598.0,6932.0,24.51,794.02,190.0,33.51,0.46,9950.0,6399.5
OIL,OIL.NS,Oil India Limited,Nifty Midcap 150,Mid,Energy,Oil & Gas Integrated,79415.0,483.9,13.63,345.7,389.0,0.0,58.17,524.0,325.0
OLAELEC,OLAELEC.NS,Ola Electric Mobility Ltd.,Nifty Smallcap 250,Small,Consumer Cyclical,Auto Manufacturers,10109.0,25.22,0.0,9.87,0.0,0.0,71.88,71.25,23.62
OLECTRA,OLECTRA.NS,Olectra Greentech Limited,Nifty Smallcap 250,Small,Industrials,Farm & Heavy Construction Machinery,7726.0,997.1,54.07,136.8,4.0,0.0,32.54,1714.2,934.2
ONESOURCE,ONESOURCE.NS,Onesource Specialty Pharma Ltd.,Nifty Smallcap 250,Small,Healthcare,Biotechnology,15070.0,1346.8,770.29,518.08,0.0,0.0,21.93,2248.0,1057.0
ONGC,ONGC.NS,Oil and Natural Gas Corporation Limited,Nifty 50,Large,Energy,Oil & Gas Integrated,355015.0,279.7,9.33,292.59,656.0,0.0,43.8,293.0,205.0
PAGEIND,PAGEIND.NS,Page Industries Limited,Nifty Midcap 150,Mid,Consumer Cyclical,Apparel Manufacturing,34784.0,32110.0,46.51,1263.36,160.0,0.0,19.03,50590.0,30830.0
PATANJALI,PATANJALI.NS,Patanjali Foods Limited,Nifty Midcap 150,Mid,Consumer Defensive,Packaged Foods,54873.0,508.0,33.12,111.35,48.0,0.0,23.9,670.33,480.0
PAYTM,PAYTM.NS,One97 Communications Limited,Nifty Midcap 150,Mid,Technology,Software - Infrastructure,67792.0,1098.3,0.0,241.06,0.0,0.0,1.04,1381.8,651.5
PCBL,PCBL.NS,PCBL Chemical Limited,Nifty Smallcap 250,Small,Basic Materials,Specialty Chemicals,11609.0,309.4,43.65,102.53,203.0,0.0,135.22,444.15,254.5
PERSISTENT,PERSISTENT.NS,Persistent Systems Limited,Nifty Midcap 150,Mid,Technology,Information Technology Services,73076.0,4733.0,42.19,497.65,94.0,24.97,5.54,6599.0,4148.95
PETRONET,PETRONET.NS,Petronet LNG Limited,Nifty Midcap 150,Mid,Energy,Oil & Gas Refining & Marketing,46298.0,323.4,12.74,140.78,324.0,0.0,11.87,326.5,263.5
PFC,PFC.NS,Power Finance Corporation Limited,Nifty Next 50,Large,Financial Services,Credit Services,134050.0,413.8,5.32,384.79,394.0,0.0,603.34,444.1,329.9
PFIZER,PFIZER.NS,Pfizer Limited,Nifty Smallcap 250,Small,Healthcare,Drug Manufacturers - General,22469.0,5062.2,26.32,841.24,71.0,0.0,2.33,5993.0,3701.0
PGEL,PGEL.NS,PG Electroplast Limited,Nifty Smallcap 250,Small,Technology,Electronic Components,17567.0,627.9,62.86,94.64,4.0,0.0,20.35,1008.0,465.0
PGHH,PGHH.NS,Procter & Gamble Hygiene and Health Care Limited,Nifty Midcap 150,Mid,Consumer Defensive,Household & Personal Products,36421.0,11351.0,50.76,286.89,209.0,0.0,0.22,14543.0,11118.0
PHOENIXLTD,PHOENIXLTD.NS,The Phoenix Mills Limited,Nifty Midcap 150,Mid,Real Estate,Real Estate - Diversified,59029.0,1658.6,54.05,301.72,15.0,0.0,33.66,1993.0,1402.5
PIDILITIND,PIDILITIND.NS,Pidilite Industries Limited,Nifty Next 50,Large,Basic Materials,Specialty Chemicals,149146.0,1492.0,65.37,93.85,68.0,0.0,4.54,1574.95,1321.22
PIIND,PIIND.NS,PI Industries Limited,Nifty Midcap 150,Mid,Basic Materials,Agricultural Inputs,47019.0,3117.3,32.36,713.68,48.0,0.0,2.24,4330.0,2964.95
PNB,PNB.NS,Punjab National Bank,Nifty Next 50,Large,Financial Services,Banks - Regional,144892.0,129.44,8.14,129.58,230.0,12.71,0.0,135.15,85.46
PNBHOUSING,PNBHOUSING.NS,PNB Housing Finance Limited,Nifty Smallcap 250,Small,Financial Services,Mortgage Finance,21187.0,824.75,9.71,690.29,61.0,0.0,261.91,1141.9,750.3
POLICYBZR,POLICYBZR.NS,PB Fintech Limited,Nifty Midcap 150,Mid,Financial Services,Insurance Brokers,68039.0,1481.6,117.61,147.57,0.0,0.0,4.86,1978.0,1311.35
POLYCAB,POLYCAB.NS,Polycab India Limited,Nifty Midcap 150,Mid,Industrials,Electrical Equipment & Parts,128833.0,8610.5,49.26,745.35,41.0,25.96,2.09,8722.0,4567.0
POLYMED,POLYMED.NS,Poly Medicure Limited,Nifty Smallcap 250,Small,Healthcare,Medical Instruments & Supplies,13334.0,1256.1,38.47,287.91,27.0,0.0,8.17,2937.6,1225.1
POONAWALLA,POONAWALLA.NS,Poonawalla Fincorp Limited,Nifty Smallcap 250,Small,Financial Services,Credit Services,35429.0,454.8,98.97,126.41,0.0,0.0,364.41,570.4,267.2
POWERGRID,POWERGRID.NS,Power Grid Corporation of India Limited,Nifty 50,Large,Utilities,Utilities - Regulated Electric,276042.0,298.65,19.05,106.53,413.0,0.0,141.19,322.0,249.45
POWERINDIA,POWERINDIA.NS,Hitachi Energy India Limited,Nifty Midcap 150,Mid,Industrials,Electrical Equipment & Parts,113744.0,25562.0,133.33,1028.23,2.0,0.0,1.84,25850.0,10400.0
PPLPHARMA,PPLPHARMA.NS,Piramal Pharma Limited,Nifty Smallcap 250,Small,Healthcare,Drug Manufacturers - Specialty & Generic,20233.0,156.13,0.0,61.03,9.0,0.0,60.08,240.95,148.31
PRAJIND,PRAJIND.NS,Praj Industries Limited,Nifty Smallcap 250,Small,Industrials,Engineering & Construction,5597.0,317.95,107.6,70.85,197.0,0.0,16.12,588.45,273.0
PREMIERENE,PREMIERENE.NS,Premier Energies Ltd.,Nifty Midcap 150,Mid,Technology,Solar,32015.0,731.0,25.44,77.11,11.0,0.0,46.96,1163.9,660.0
PRESTIGE,PRESTIGE.NS,Prestige Estates Projects Limited,Nifty Midcap 150,Mid,Real Estate,Real Estate - Diversified,59324.0,1393.0,61.35,367.45,13.0,6.32,89.29,1814.0,1048.05
PTCIL,PTCIL.NS,PTC Industries Limited,Nifty Smallcap 250,Small,Industrials,Metal Fabrication,27000.0,17936.0,400.02,944.9,0.0,0.0,12.65,19387.0,10250.0
PVRINOX,PVRINOX.NS,PVR INOX Limited,Nifty Smallcap 250,Small,Communication Services,Entertainment,9981.0,1022.2,453.75,724.6,0.0,0.0,105.06,1249.7,830.0
RADICO,RADICO.NS,Radico Khaitan Limited,Nifty Smallcap 250,Small,Consumer Defensive,Beverages - Wineries & Distilleries,34933.0,2649.5,67.57,222.54,15.0,0.0,20.94,3591.9,2003.05
RAILTEL,RAILTEL.NS,RailTel Corporation of India Limited,Nifty Smallcap 250,Small,Communication Services,Telecom Services,9421.0,313.65,29.68,65.82,131.0,0.0,3.34,478.95,266.0
RAINBOW,RAINBOW.NS,Rainbow Children's Medicare Limited,Nifty Smallcap 250,Small,Healthcare,Medical Care Facilities,12187.0,1189.7,47.62,149.47,25.0,0.0,53.24,1645.7,1090.0
RAMCOCEM,RAMCOCEM.NS,The Ramco Cements Limited,Nifty Smallcap 250,Small,Basic Materials,Building Materials,25990.0,1129.8,45.24,319.66,18.0,0.0,62.15,1214.5,788.2
RBLBANK,RBLBANK.NS,RBL Bank Limited,Nifty Smallcap 250,Small,Financial Services,Banks - Regional,19342.0,319.75,26.52,263.84,32.0,0.0,0.0,340.4,150.6
RCF,RCF.NS,Rashtriya Chemicals and Fertilizers Limited,Nifty Smallcap 250,Small,Basic Materials,Agricultural Inputs,6704.0,126.78,21.43,89.23,191.0,0.0,56.44,166.5,112.1
RECLTD,RECLTD.NS,REC Limited,Nifty Next 50,Large,Financial Services,Credit Services,89266.0,349.8,5.18,317.1,717.0,21.47,666.09,450.0,330.95
REDINGTON,REDINGTON.NS,Redington Limited,Nifty Smallcap 250,Small,Technology,Information Technology Services,20549.0,280.45,11.64,115.26,259.0,0.0,27.76,334.8,176.94
RELIANCE,RELIANCE.NS,Reliance Industries Limited,Nifty 50,Large,Energy,Oil & Gas Refining & Marketing,1837710.0,1393.9,22.07,648.12,41.0,0.0,35.65,1611.8,1114.85
RELINFRA,RELINFRA.NS,Reliance Infrastructure Limited,Nifty Smallcap 250,Small,Utilities,Utilities - Independent Power Producers,3511.0,90.38,0.55,419.12,0.0,0.0,0.0,423.4,85.87
RHIM,RHIM.NS,RHI Magnesita India Limited,Nifty Smallcap 250,Small,Industrials,Metal Fabrication,8619.0,434.65,50.23,193.64,60.0,0.0,10.31,547.9,383.0
RITES,RITES.NS,RITES Limited,Nifty Smallcap 250,Small,Industrials,Engineering & Construction,9800.0,213.91,23.74,54.71,373.0,0.0,0.28,316.0,194.91
RKFORGE,RKFORGE.NS,Ramkrishna Forgings Limited,Nifty Smallcap 250,Small,Industrials,Metal Fabrication,10069.0,551.8,46.73,171.2,36.0,0.0,88.73,862.6,474.3
RPOWER,RPOWER.NS,Reliance Power Limited,Nifty Smallcap 250,Small,Utilities,Utilities - Independent Power Producers,9504.0,23.97,33.3,39.91,0.0,0.0,92.22,76.49,22.19
RRKABEL,RRKABEL.NS,R R Kabel Limited,Nifty Smallcap 250,Small,Industrials,Electrical Equipment & Parts,17325.0,1562.6,38.17,206.9,52.0,0.0,16.78,1578.2,853.55
RVNL,RVNL.NS,Rail Vikas Nigam Limited,Nifty Midcap 150,Mid,Industrials,Engineering & Construction,62453.0,316.35,54.35,45.66,91.0,0.0,52.11,447.8,295.2
SAGILITY,SAGILITY.NS,Sagility Limited,Nifty Smallcap 250,Small,Healthcare,Health Information Services,18182.0,39.55,21.46,18.79,26.0,0.0,13.85,57.89,37.5
SAIL,SAIL.NS,Steel Authority of India Limited,Nifty Midcap 150,Mid,Basic Materials,Steel,68397.0,165.71,24.5,140.57,97.0,0.0,57.76,168.21,101.13
SAILIFE,SAILIFE.NS,Sai Life Sciences Ltd.,Nifty Smallcap 250,Small,Healthcare,Diagnostics & Research,21086.0,998.25,62.9,108.17,0.0,0.0,18.4,1009.85,636.1
SAMMAANCAP,SAMMAANCAP.NS,Sammaan Capital Limited,Nifty Smallcap 250,Small,Financial Services,Mortgage Finance,11908.0,149.91,7.94,275.02,140.0,0.0,203.54,192.95,97.61
SAPPHIRE,SAPPHIRE.NS,Sapphire Foods India Limited,Nifty Smallcap 250,Small,Consumer Cyclical,Restaurants,6326.0,204.29,0.0,43.62,0.0,0.0,99.23,368.0,179.4
SARDAEN,SARDAEN.NS,Sarda Energy & Minerals Limited,Nifty Smallcap 250,Small,Basic Materials,Steel,19194.0,551.6,18.18,198.59,28.0,0.0,37.71,639.75,396.6
SAREGAMA,SAREGAMA.NS,Saregama India Limited,Nifty Smallcap 250,Small,Communication Services,Entertainment,6317.0,333.0,33.01,86.54,274.0,0.0,0.18,603.0,317.1
SBFC,SBFC.NS,SBFC Finance Limited,Nifty Smallcap 250,Small,Financial Services,Credit Services,10369.0,93.09,24.49,31.47,0.0,0.0,179.82,123.0,82.0
SBICARD,SBICARD.NS,SBI Cards and Payment Services Limited,Nifty Midcap 150,Mid,Financial Services,Credit Services,71040.0,774.4,34.01,155.42,32.0,0.0,332.84,1027.25,725.15
SBILIFE,SBILIFE.NS,SBI Life Insurance Company Limited,Nifty 50,Large,Financial Services,Insurance - Life,203833.0,2037.2,81.98,189.62,13.0,13.92,0.0,2132.0,1379.85
SBIN,SBIN.NS,State Bank of India,Nifty 50,Large,Financial Services,Banks - Regional,1098351.0,1201.7,12.95,641.36,134.0,0.0,0.0,1234.7,692.1
SCHAEFFLER,SCHAEFFLER.NS,Schaeffler India Limited,Nifty Midcap 150,Mid,Consumer Cyclical,Auto Parts,67300.0,4357.2,63.29,386.49,65.0,20.21,0.9,4443.8,2823.0
SCHNEIDER,SCHNEIDER.NS,Schneider Electric Infrastructure Limited,Nifty Smallcap 250,Small,Industrials,Electrical Equipment & Parts,20879.0,906.45,85.44,27.55,0.0,0.0,80.08,1052.0,540.0
SCI,SCI.NS,The Shipping Corporation of India Limited,Nifty Smallcap 250,Small,Industrials,Marine Shipping,11931.0,263.47,10.53,183.1,511.0,0.0,32.95,280.5,140.76
SHREECEM,SHREECEM.NS,Shree Cement Limited,Nifty Next 50,Large,Basic Materials,Building Materials,94261.0,26075.0,52.63,6219.59,61.0,0.0,9.53,32490.0,25185.0
SHRIRAMFIN,SHRIRAMFIN.NS,Shriram Finance Limited,Nifty 50,Large,Financial Services,Credit Services,198031.0,1079.4,21.64,322.11,140.0,0.0,279.08,1108.0,566.5
SHYAMMETL,SHYAMMETL.NS,Shyam Metalics and Energy Limited,Nifty Smallcap 250,Small,Basic Materials,Steel,23341.0,860.3,24.15,393.8,54.0,0.0,9.43,1001.0,688.5
SIEMENS,SIEMENS.NS,Siemens Limited,Nifty Next 50,Large,Industrials,Specialty Industrial Machinery,119001.0,3418.6,70.42,371.81,39.0,11.81,0.0,3440.0,2450.0
SIGNATURE,SIGNATURE.NS,Signatureglobal (India) Limited,Nifty Smallcap 250,Small,Real Estate,Real Estate - Development,13499.0,989.8,5056.32,51.73,0.0,0.0,356.19,1309.5,775.2
SJVN,SJVN.NS,SJVN Limited,Nifty Midcap 150,Mid,Utilities,Utilities - Renewable,27603.0,73.03,42.83,36.95,208.0,0.0,202.56,107.5,68.13
SOBHA,SOBHA.NS,Sobha Limited,Nifty Smallcap 250,Small,Real Estate,Real Estate - Development,14536.0,1395.1,102.07,431.04,22.0,0.0,23.04,1732.5,1075.3
SOLARINDS,SOLARINDS.NS,Solar Industries India Limited,Nifty Next 50,Large,Basic Materials,Specialty Chemicals,126587.0,13504.0,86.96,565.32,7.0,0.0,16.43,17820.0,8759.7
SONACOMS,SONACOMS.NS,Sona BLW Precision Forgings Limited,Nifty Midcap 150,Mid,Consumer Cyclical,Auto Parts,32165.0,534.5,52.35,91.92,62.0,0.0,3.6,559.5,380.0
SONATSOFTW,SONATSOFTW.NS,Sonata Software Limited,Nifty Smallcap 250,Small,Technology,Information Technology Services,7222.0,268.2,16.37,63.84,313.0,0.0,41.7,464.2,252.25
SRF,SRF.NS,SRF Limited,Nifty Midcap 150,Mid,Industrials,Conglomerates,75203.0,2562.2,42.19,447.61,39.0,0.0,34.72,3325.0,2474.9
STARHEALTH,STARHEALTH.NS,Star Health and Allied Insurance Company Limited,Nifty Smallcap 250,Small,Financial Services,Insurance - Life,27146.0,465.5,60.94,129.3,0.0,0.0,6.18,534.0,327.3
SUMICHEM,SUMICHEM.NS,Sumitomo Chemical India Limited,Nifty Smallcap 250,Small,Basic Materials,Agricultural Inputs,19856.0,401.15,37.32,64.03,30.0,0.0,1.82,665.0,380.6
SUNDARMFIN,SUNDARMFIN.NS,Sundaram Finance Limited,Nifty Midcap 150,Mid,Financial Services,Credit Services,58424.0,5509.5,28.41,1372.76,70.0,0.0,377.04,5599.5,4200.0
SUNDRMFAST,SUNDRMFAST.NS,Sundram Fasteners Limited,Nifty Smallcap 250,Small,Consumer Cyclical,Auto Parts,17797.0,873.15,32.15,192.8,89.0,0.0,18.19,1080.0,831.15
SUNPHARMA,SUNPHARMA.NS,Sun Pharmaceutical Industries Limited,Nifty 50,Large,Healthcare,Drug Manufacturers - Specialty & Generic,420483.0,1737.0,38.46,324.46,94.0,0.0,6.67,1851.2,1548.0
SUNTV,SUNTV.NS,Sun TV Network Limited,Nifty Smallcap 250,Small,Communication Services,Broadcasting,24652.0,647.65,15.6,313.62,160.0,0.0,1.18,691.4,480.2
SUPREMEIND,SUPREMEIND.NS,The Supreme Industries Limited,Nifty Midcap 150,Mid,Industrials,Building Products & Equipment,50251.0,3975.2,61.73,450.43,89.0,0.0,5.63,4739.0,3095.0
SUZLON,SUZLON.NS,Suzlon Energy Limited,Nifty Midcap 150,Mid,Industrials,Specialty Industrial Machinery,56162.0,42.67,17.35,5.71,0.0,0.0,5.05,74.3,39.13
SWANCORP,SWANCORP.NS,Swan Corp Limited,Nifty Smallcap 250,Small,Industrials,Conglomerates,11560.0,382.4,0.0,368.38,3.0,0.0,28.23,526.7,356.0
SWIGGY,SWIGGY.NS,Swiggy Ltd.,Nifty Midcap 150,Mid,Consumer Cyclical,Internet Retail,75038.0,301.75,0.0,42.19,0.0,0.0,25.43,474.0,287.0
SYNGENE,SYNGENE.NS,Syngene International Limited,Nifty Midcap 150,Mid,Healthcare,Diagnostics & Research,16570.0,422.2,47.17,117.84,30.0,0.0,12.28,760.0,405.35
SYRMA,SYRMA.NS,Syrma SGS Technology Limited,Nifty Smallcap 250,Small,Technology,Electronic Components,15057.0,822.25,51.04,150.84,19.0,0.0,11.48,909.9,370.0
TARIL,TARIL.NS,Transformers And Rectifiers (India) Ltd.,Nifty Smallcap 250,Small,Industrials,Electrical Equipment & Parts,9131.0,310.14,33.91,44.83,7.0,0.0,26.72,594.0,224.05
TATACHEM,TATACHEM.NS,Tata Chemicals Limited,Nifty Smallcap 250,Small,Basic Materials,Chemicals,18099.0,717.4,111.18,876.78,155.0,0.0,32.12,1026.65,684.25
TATACOMM,TATACOMM.NS,Tata Communications Limited,Nifty Midcap 150,Mid,Communication Services,Telecom Services,44018.0,1597.5,28.57,99.88,162.0,0.0,467.53,2004.0,1291.0
TATACONSUM,TATACONSUM.NS,Tata Consumer Products Limited,Nifty 50,Large,Consumer Defensive,Packaged Foods,111345.0,1141.0,75.77,205.42,73.0,0.0,11.87,1220.9,930.1
TATAELXSI,TATAELXSI.NS,Tata Elxsi Limited,Nifty Midcap 150,Mid,Technology,Software - Application,27732.0,4513.0,47.85,433.8,169.0,0.0,6.26,6735.0,4317.7
TATAINVEST,TATAINVEST.NS,Tata Investment Corporation Limited,Nifty Midcap 150,Mid,Financial Services,Asset Management,32429.0,658.7,79.33,628.67,42.0,0.0,0.0,1184.7,573.5
TATAPOWER,TATAPOWER.NS,Tata Power Company Limited,Nifty Next 50,Large,Utilities,Utilities - Independent Power Producers,117700.0,377.55,31.06,118.48,61.0,0.0,156.16,416.8,335.0
TATASTEEL,TATASTEEL.NS,Tata Steel Limited,Nifty 50,Large,Basic Materials,Steel,263168.0,212.33,0.33,76.22,171.0,0.0,99.7,216.45,125.3
TATATECH,TATATECH.NS,Tata Technologies Limited,Nifty Midcap 150,Mid,Technology,Information Technology Services,23553.0,585.45,44.44,87.92,144.0,0.0,6.92,797.0,567.0
TBOTEK,TBOTEK.NS,TBO Tek Ltd.,Nifty Smallcap 250,Small,Consumer Cyclical,Travel Services,12525.0,1225.8,52.09,129.68,0.0,0.0,51.85,1764.8,996.0
TCS,TCS.NS,Tata Consultancy Services Limited,Nifty 50,Large,Technology,Information Technology Services,945587.0,2637.4,19.8,313.73,241.0,42.63,9.44,3710.0,2561.3
TECHM,TECHM.NS,Tech Mahindra Limited,Nifty 50,Large,Technology,Information Technology Services,119165.0,1357.8,25.84,310.38,334.0,0.0,6.99,1854.0,1209.4
TECHNOE,TECHNOE.NS,Techno Electric & Engineering Company Limited,Nifty Smallcap 250,Small,Industrials,Engineering & Construction,13365.0,1173.2,28.41,334.68,78.0,0.0,1.57,1654.0,785.15
TEJASNET,TEJASNET.NS,Tejas Networks Limited,Nifty Smallcap 250,Small,Technology,Communication Equipment,8596.0,435.85,0.0,187.94,52.0,0.0,129.36,914.4,294.0
THELEELA,THELEELA.NS,Leela Palaces Hotels & Resorts Limited,Nifty Smallcap 250,Small,Consumer Cyclical,Lodging,14776.0,453.55,38.01,193.13,0.0,0.0,27.67,474.4,382.5
THERMAX,THERMAX.NS,Thermax Limited,Nifty Midcap 150,Mid,Industrials,Conglomerates,34941.0,3117.8,51.28,448.41,45.0,0.0,35.78,4091.8,2742.7
TIINDIA,TIINDIA.NS,Tube Investments of India Limited,Nifty Midcap 150,Mid,Industrials,Conglomerates,54957.0,2753.4,91.74,388.7,14.0,0.0,27.72,3419.9,2164.9
TIMKEN,TIMKEN.NS,Timken India Limited,Nifty Smallcap 250,Small,Industrials,Tools & Accessories,25420.0,3472.9,58.83,367.85,107.0,0.0,0.55,3575.0,2202.0
TITAGARH,TITAGARH.NS,Titagarh Rail Systems Limited,Nifty Smallcap 250,Small,Industrials,Railroads,9041.0,700.95,49.99,187.79,15.0,0.0,25.09,974.35,654.55
TITAN,TITAN.NS,Titan Company Limited,Nifty 50,Large,Consumer Cyclical,Luxury Goods,378795.0,4327.5,79.36,144.38,26.0,0.0,223.02,4378.4,2925.0
TMPV,TMPV.NS,Tata Motors Passenger Vehicles Limited,Nifty 50,Large,Consumer Cyclical,Auto Manufacturers,136469.0,382.65,34.83,300.66,162.0,0.0,56.13,419.0,335.6
TORNTPHARM,TORNTPHARM.NS,Torrent Pharmaceuticals Limited,Nifty Next 50,Large,Healthcare,Drug Manufacturers - Specialty & Generic,147874.0,4333.3,64.93,249.47,80.0,0.0,33.4,4470.0,2902.25
TORNTPOWER,TORNTPOWER.NS,Torrent Power Limited,Nifty Midcap 150,Mid,Utilities,Utilities - Independent Power Producers,78352.0,1566.4,24.69,373.25,129.0,0.0,53.72,1640.0,1188.0
TRENT,TRENT.NS,Trent Limited,Nifty 50,Large,Consumer Cyclical,Apparel Retail,136809.0,3899.5,83.34,171.62,13.0,0.0,37.79,6261.0,3645.0
TRIDENT,TRIDENT.NS,Trident Limited,Nifty Smallcap 250,Small,Consumer Cyclical,Textile Manufacturing,12467.0,25.58,30.55,9.14,205.0,0.0,34.74,34.62,23.11
TRITURBINE,TRITURBINE.NS,Triveni Turbine Limited,Nifty Smallcap 250,Small,Industrials,Specialty Industrial Machinery,14846.0,489.2,43.28,40.91,96.0,0.0,2.95,675.2,454.1
TRIVENI,TRIVENI.NS,Triveni Engineering & Industries Limited,Nifty Smallcap 250,Small,Consumer Defensive,Confectioners,8660.0,394.9,28.24,140.62,101.0,0.0,24.55,468.1,313.1
TTML,TTML.NS,Tata Teleservices (Maharashtra) Limited,Nifty Smallcap 250,Small,Communication Services,Telecom Services,7797.0,41.59,0.0,-100.93,0.0,0.0,0.0,81.12,38.99
TVSMOTOR,TVSMOTOR.NS,TVS Motor Company Limited,Nifty Next 50,Large,Consumer Cyclical,Auto Manufacturers,181107.0,3869.7,82.64,170.79,26.0,0.0,346.08,3970.0,2218.8
UBL,UBL.NS,United Breweries Limited,Nifty Midcap 150,Mid,Consumer Defensive,Beverages - Brewers,42038.0,1605.0,103.11,164.32,63.0,0.0,17.86,2294.9,1401.1
UCOBANK,UCOBANK.NS,UCO Bank,Nifty Midcap 150,Mid,Financial Services,Banks - Regional,35875.0,29.62,13.88,26.47,136.0,8.57,0.0,38.76,26.81
ULTRACEMCO,ULTRACEMCO.NS,UltraTech Cement Limited,Nifty 50,Large,Basic Materials,Building Materials,368335.0,12677.0,48.08,2448.89,62.0,0.0,33.19,13110.0,10240.0
UNIONBANK,UNIONBANK.NS,Union Bank of India,Nifty Midcap 150,Mid,Financial Services,Banks - Regional,151284.0,202.27,7.99,171.66,240.0,15.56,0.0,205.49,107.6
UNITDSPR,UNITDSPR.NS,United Spirits Ltd.,Nifty Next 50,Large,Consumer Defensive,Beverages - Wineries & Distilleries,99407.0,1380.8,56.49,118.33,88.0,0.0,4.9,1645.0,1271.1
UNOMINDA,UNOMINDA.NS,Uno Minda Limited,Nifty Midcap 150,Mid,Consumer Cyclical,Auto Parts,65807.0,1188.5,57.8,108.18,21.0,0.0,43.14,1382.0,767.6
UPL,UPL.NS,UPL Limited,Nifty Midcap 150,Mid,Basic Materials,Agricultural Inputs,52649.0,637.4,29.76,389.3,96.0,0.0,79.61,812.2,588.85
USHAMART,USHAMART.NS,Usha Martin Limited,Nifty Smallcap 250,Small,Basic Materials,Steel,12836.0,418.4,29.33,97.56,71.0,0.0,8.91,497.1,285.4
UTIAMC,UTIAMC.NS,UTI Asset Management Company Limited,Nifty Smallcap 250,Small,Financial Services,Asset Management,12428.0,987.3,22.27,342.28,269.0,0.0,3.02,1494.8,905.25
VBL,VBL.NS,Varun Beverages Limited,Nifty Next 50,Large,Consumer Defensive,Beverages - Non-Alcoholic,150605.0,451.4,49.48,57.54,45.0,16.79,12.71,568.5,431.65
VEDL,VEDL.NS,Vedanta Limited,Nifty Next 50,Large,Basic Materials,Other Industrial Metals & Mining,282698.0,718.4,20.08,102.93,712.0,0.0,190.25,769.8,363.0
VENTIVE,VENTIVE.NS,Ventive Hospitality Ltd.,Nifty Smallcap 250,Small,Consumer Cyclical,Lodging,16614.0,694.7,45.25,213.09,0.0,0.0,42.18,840.0,536.1
VGUARD,VGUARD.NS,V-Guard Industries Limited,Nifty Smallcap 250,Small,Industrials,Electrical Equipment & Parts,13596.0,313.2,47.65,49.98,48.0,0.0,6.88,409.75,290.0
VIJAYA,VIJAYA.NS,Vijaya Diagnostic Centre Limited,Nifty Smallcap 250,Small,Healthcare,Diagnostics & Research,10075.0,1004.5,63.29,84.14,20.0,0.0,42.22,1180.0,813.15
VMM,VMM.NS,Vishal Mega Mart Ltd.,Nifty Midcap 150,Mid,Consumer Cyclical,Department Stores,54782.0,117.78,70.62,14.95,0.0,0.0,27.12,157.6,96.3
VOLTAS,VOLTAS.NS,Voltas Limited,Nifty Midcap 150,Mid,Consumer Cyclical,"Furnishings, Fixtures & Appliances",49603.0,1561.3,99.02,191.31,47.0,0.0,27.45,1582.5,1190.0
VTL,VTL.NS,Vardhman Textiles Limited,Nifty Smallcap 250,Small,Consumer Cyclical,Textile Manufacturing,15836.0,542.55,19.53,356.74,91.0,0.0,14.46,549.9,361.1
WAAREEENER,WAAREEENER.NS,Waaree Energies Ltd.,Nifty Midcap 150,Mid,Technology,Solar,76032.0,2709.3,23.31,399.82,15.0,0.0,25.13,3865.0,1863.0
WELCORP,WELCORP.NS,Welspun Corp Limited,Nifty Smallcap 250,Small,Basic Materials,Steel,21562.0,825.25,11.1,310.14,61.0,0.0,18.26,994.0,664.3
WELSPUNLIV,WELSPUNLIV.NS,Welspun Living Limited,Nifty Smallcap 250,Small,Consumer Cyclical,Textile Manufacturing,11897.0,125.33,50.76,48.34,137.0,0.0,54.98,154.57,104.8
WHIRLPOOL,WHIRLPOOL.NS,Whirlpool of India Limited,Nifty Smallcap 250,Small,Consumer Cyclical,"Furnishings, Fixtures & Appliances",11605.0,921.85,34.85,643.45,55.0,0.0,6.33,1473.8,756.85
WIPRO,WIPRO.NS,Wipro Limited,Nifty 50,Large,Technology,Information Technology Services,208032.0,200.96,15.72,85.61,856.0,15.2,22.03,292.0,194.7
WOCKPHARMA,WOCKPHARMA.NS,Wockhardt Limited,Nifty Smallcap 250,Small,Healthcare,Drug Manufacturers - Specialty & Generic,21286.0,1361.9,1000.0,281.63,0.0,0.0,50.37,1868.8,1154.4
YESBANK,YESBANK.NS,Yes Bank Limited,Nifty Midcap 150,Mid,Financial Services,Banks - Regional,63383.0,20.72,19.98,15.75,0.0,6.53,0.0,24.3,16.02
ZEEL,ZEEL.NS,Zee Entertainment Enterprises Limited,Nifty Smallcap 250,Small,Communication Services,Broadcasting,8087.0,87.45,14.32,119.63,289.0,0.0,2.46,151.7,78.4
ZENSARTECH,ZENSARTECH.NS,Zensar Technologies Limited,Nifty Smallcap 250,Small,Technology,Information Technology Services,12883.0,564.75,17.64,188.35,236.0,0.0,2.74,894.0,528.25
ZENTEC,ZENTEC.NS,Zen Technologies Limited,Nifty Smallcap 250,Small,Industrials,Aerospace & Defense,12098.0,1359.9,45.87,199.84,15.0,0.0,0.98,2268.0,1029.15
ZFCVINDIA,ZFCVINDIA.NS,ZF Commercial Vehicle Control Systems India Limited,Nifty Smallcap 250,Small,Consumer Cyclical,Auto Parts,27869.0,15164.0,55.87,1798.4,13.0,0.0,1.81,16665.0,10425.0
ZYDUSLIFE,ZYDUSLIFE.NS,Zydus Lifesciences Limited,Nifty Next 50,Large,Healthcare,Drug Manufacturers - Specialty & Generic,91285.0,921.7,18.49,251.49,121.0,0.0,34.3,1059.05,795.0
